name,sku,size,description,available,sortOrder,collections,imageUrl
"2"" Polka Dot",1106120000,"2""","A playful foliage plant (Hypoestes) with leaves splashed in pink, white, or red speckles. Thrives in medium to bright indirect light; avoid harsh, direct midday sun. Keep soil evenly moist and never let it dry out completely. Pet friendly and non-toxic if ingested.",TRUE,,Tropical Plants;,23f81e_6614fba3051c4731b6d7e6d55e616bfd~mv2.jpg
"2"" Maranta - Red",1106155100,"2""","The classic Prayer Plant, named for the way its patterned leaves fold upward at night like praying hands. Thrives in medium to bright indirect light; avoid harsh, direct midday sun. Prefers consistently moist soil and appreciates higher humidity. Pet friendly and non-toxic if ingested.",TRUE,,Tropical Plants;,23f81e_71d18f6b8f114382a92202f8d03b4f00~mv2.jpg
"2.5"" Peperomia Rubella",1106193300,"2""","A compact, easy-care houseplant with thick, decorative leaves that store water like a succulent. Thrives in medium to bright indirect light; avoid harsh, direct midday sun. Allow the soil to dry out between waterings; overwatering is the most common cause of trouble. Pet friendly and non-toxic if ingested.",FALSE,,Tropical Plants;,23f81e_24198354533f40b69a211dd4ec354783~mv2.jpg
"2"" Peperomia - Happy Bean",1106195900,"2""","A compact, easy-care houseplant with thick, decorative leaves that store water like a succulent. Thrives in medium to bright indirect light; avoid harsh, direct midday sun. Allow the soil to dry out between waterings; overwatering is the most common cause of trouble. Pet friendly and non-toxic if ingested.",TRUE,,Tropical Plants;,23f81e_6ddb67c294af4fcdbd05b0baf42f2c96~mv2.jpg
"2"" Pilea - Silver Tree",1106241300,"2""","A charming, compact plant with round, coin-shaped or textured leaves that make a fun tabletop accent. Thrives in medium to bright indirect light; avoid harsh, direct midday sun. Water when the top inch of soil feels dry, then allow to drain freely. Rotate occasionally for even, symmetrical growth. Pet friendly and non-toxic if ingested.",TRUE,,Tropical Plants;,23f81e_bb46f263e50a41fa91d571cb27994902~mv2.jpg
"2"" Pilea - Peperomiodes",1106241600,"2""","A charming, compact plant with round, coin-shaped or textured leaves that make a fun tabletop accent. Thrives in medium to bright indirect light; avoid harsh, direct midday sun. Water when the top inch of soil feels dry, then allow to drain freely. Rotate occasionally for even, symmetrical growth. Pet friendly and non-toxic if ingested.",TRUE,,Tropical Plants;,23f81e_a02a8f017d214379864ce98087a86a7e~mv2.jpg
"2"" Pilea - Ellen",1106241700,"2""","A charming, compact plant with round, coin-shaped or textured leaves that make a fun tabletop accent. Thrives in medium to bright indirect light; avoid harsh, direct midday sun. Water when the top inch of soil feels dry, then allow to drain freely. Rotate occasionally for even, symmetrical growth. Pet friendly and non-toxic if ingested.",TRUE,,Tropical Plants;,23f81e_d1546969ef034590a9d67f709bb183f8~mv2.jpg
"2"" Sansevieria Heart",1106281400,"2""","The classic Snake Plant, prized for its stiff, upright, sculptural leaves and near-indestructible nature. Tolerates low to medium light, making it a forgiving choice for offices and low-light corners. Water sparingly and only once the soil is completely dry; excellent drainage is essential. Keep away from pets and children, as this plant is toxic if ingested.",FALSE,,Tropical Plants;,23f81e_34a2918fbab94c3cb216038a9f379e7f~mv2.jpg
"4"" Tropicals - assorted",1110000000,"4""","A curated mix of easy-care tropical foliage plants, offering varied textures and colours for indoor greenery. Thrives in medium to bright indirect light; avoid harsh, direct midday sun. Water when the top inch of soil feels dry, then allow to drain freely.",TRUE,,Tropical Plants;,23f81e_9669355cabd14d609ff728a4f2629e58~mv2.jpg
"4"" Lipstick Plant",1110003000,"4""","A charming trailing plant named for its tubular red or coral flowers that emerge from dark, lipstick-tube-like buds. Provide bright, indirect light for best growth and colour. Water when the top inch of soil feels dry, then allow to drain freely. Pet friendly and non-toxic if ingested.",FALSE,,Tropical Plants;,23f81e_90f416aa82ed4e308cf8b232b714636a~mv2.jpg;23f81e_e4f04b04fe074f6294302b34ee3fbdbd~mv2.jpg
"4"" Lipstick - Mona Lisa",1110003800,"4""","A charming trailing plant named for its tubular red or coral flowers that emerge from dark, lipstick-tube-like buds. Provide bright, indirect light for best growth and colour. Water when the top inch of soil feels dry, then allow to drain freely. Pet friendly and non-toxic if ingested.",TRUE,,Tropical Plants;,23f81e_e4f04b04fe074f6294302b34ee3fbdbd~mv2.jpg
"4"" Aglaenema - Red",1110008500,"4""","Also called Chinese Evergreen, a tough, colourful foliage plant that thrives in typical indoor conditions. Tolerates low to medium light, making it a forgiving choice for offices and low-light corners. Allow the soil to dry out between waterings; overwatering is the most common cause of trouble. Keep away from pets and children, as this plant is toxic if ingested.",TRUE,,Tropical Plants;,23f81e_6e7fcd2b5e304a28a3d04e11e8829d83~mv2.jpg
"4"" Alocasia - Hilo Beauty",1110009100,"4""","A striking tropical statement plant with bold, arrow- or heart-shaped leaves and dramatic veining. Provide bright, indirect light for best growth and colour. Prefers consistently moist soil and appreciates higher humidity. Appreciates warmth and higher humidity; may go semi-dormant in low light or cool conditions. Keep away from pets and children, as this plant is toxic if ingested.",TRUE,,Tropical Plants;,23f81e_f20bc1bfec6f4251b6c9fa10867fd15d~mv2.jpg
"4"" Alocasia - Red Secret",1110009300,"4""","A striking tropical statement plant with bold, arrow- or heart-shaped leaves and dramatic veining. Provide bright, indirect light for best growth and colour. Prefers consistently moist soil and appreciates higher humidity. Appreciates warmth and higher humidity; may go semi-dormant in low light or cool conditions. Keep away from pets and children, as this plant is toxic if ingested.",TRUE,,Tropical Plants;,23f81e_2175dcd1a9b64f70a22d9a9f0a45559c~mv2.jpg
"4"" Alocasia - Red Secret",1110009300,"4""","A striking tropical statement plant with bold, arrow- or heart-shaped leaves and dramatic veining. Provide bright, indirect light for best growth and colour. Prefers consistently moist soil and appreciates higher humidity. Appreciates warmth and higher humidity; may go semi-dormant in low light or cool conditions. Keep away from pets and children, as this plant is toxic if ingested.",TRUE,,Tropical Plants;,23f81e_e09f858b92ba43308512827f392c9bd7~mv2.jpg
"4"" African Mask",1110009500,"4""","A striking Alocasia variety, prized for its bold, deeply lobed, dark green arrow-shaped leaves with contrasting veins. Provide bright, indirect light for best growth and colour. Prefers consistently moist soil and appreciates higher humidity. Keep away from pets and children, as this plant is toxic if ingested.",TRUE,,Tropical Plants;,23f81e_a26053b9764443f0a2d873a731164797~mv2.jpg
"4"" Alocasia - Pink Princess",1110009700,"4""","A striking tropical statement plant with bold, arrow- or heart-shaped leaves and dramatic veining. Provide bright, indirect light for best growth and colour. Prefers consistently moist soil and appreciates higher humidity. Appreciates warmth and higher humidity; may go semi-dormant in low light or cool conditions. Keep away from pets and children, as this plant is toxic if ingested.",TRUE,,Tropical Plants;,23f81e_50ef174579c44e808cbe46e7bfde6cbd~mv2.jpg
"4"" Alocasia - Black Velvet",1110009800,"4""","A striking tropical statement plant with bold, arrow- or heart-shaped leaves and dramatic veining. Provide bright, indirect light for best growth and colour. Prefers consistently moist soil and appreciates higher humidity. Appreciates warmth and higher humidity; may go semi-dormant in low light or cool conditions. Keep away from pets and children, as this plant is toxic if ingested.",TRUE,,Tropical Plants;,23f81e_61d65cc6680b43eeae1a9607abec8193~mv2.jpg
"4"" Alocasia - Purple Sword",1110009900,"4""","A striking tropical statement plant with bold, arrow- or heart-shaped leaves and dramatic veining. Provide bright, indirect light for best growth and colour. Prefers consistently moist soil and appreciates higher humidity. Appreciates warmth and higher humidity; may go semi-dormant in low light or cool conditions. Keep away from pets and children, as this plant is toxic if ingested.",TRUE,,Tropical Plants;,23f81e_9879f9bf17d04b80919ba64c72a10df8~mv2.jpg
"4"" Alocasia - Dragon",1110010100,"4""","A striking tropical statement plant with bold, arrow- or heart-shaped leaves and dramatic veining. Provide bright, indirect light for best growth and colour. Prefers consistently moist soil and appreciates higher humidity. Appreciates warmth and higher humidity; may go semi-dormant in low light or cool conditions. Keep away from pets and children, as this plant is toxic if ingested.",TRUE,,Tropical Plants;,23f81e_07f7ceb5cf01417088db349780095217~mv2.jpg
"4"" Alocasia - Frydek",1110010300,"4""","A striking tropical statement plant with bold, arrow- or heart-shaped leaves and dramatic veining. Provide bright, indirect light for best growth and colour. Prefers consistently moist soil and appreciates higher humidity. Appreciates warmth and higher humidity; may go semi-dormant in low light or cool conditions. Keep away from pets and children, as this plant is toxic if ingested.",TRUE,,Tropical Plants;,23f81e_0cb5de43bb4043f693a2c4ab7f23f84a~mv2.jpg
"4"" Sprengeri Fern",1110015000,"4""","Also called Asparagus Fern, with soft, needle-like foliage on cascading stems (not a true fern). Thrives in medium to bright indirect light; avoid harsh, direct midday sun. Water when the top inch of soil feels dry, then allow to drain freely. Keep away from pets and children, as this plant is toxic if ingested.",TRUE,,Tropical Plants;,23f81e_b9890f208a6541e2b9170eed7d906a72~mv2.jpg
"4"" Plumosa Fern",1110015200,"4""","A finely textured, lacy-leaved Asparagus Fern relative often used for its soft, feathery foliage (not a true fern). Thrives in medium to bright indirect light; avoid harsh, direct midday sun. Water when the top inch of soil feels dry, then allow to drain freely. Keep away from pets and children, as this plant is toxic if ingested.",TRUE,,Tropical Plants;,23f81e_7965fc49a8714573aed3e05da8287844~mv2.jpg
"4"" Ponytail Palm",1110020000,"4""","Not a true palm but a striking succulent tree with a bulbous water-storing trunk and cascading, grass-like leaves. Prefers bright light with some direct sun each day. Water sparingly and only once the soil is completely dry; excellent drainage is essential. Extremely drought tolerant and a great choice for infrequent waterers. Pet friendly and non-toxic if ingested.",TRUE,,Tropical Plants;,23f81e_7de6ec85185d4fb2a991a1bd39bbb5f5~mv2.jpg
"4"" Rex Begonia",1110021400,"4""","A versatile, ornamental plant grown for its striking foliage and/or clusters of cheerful flowers. Thrives in medium to bright indirect light; avoid harsh, direct midday sun. Water when the top inch of soil feels dry, then allow to drain freely. Let the soil surface dry slightly between waterings and avoid wetting the leaves. Keep away from pets and children, as this plant is toxic if ingested.",TRUE,,Tropical Plants;,23f81e_cc09aaa37c964f2b896f821211989770~mv2.jpg
"4"" Angel Wing - Pink",1110021500,"4""","An Angel Wing Begonia, grown for its striking silver-spotted, wing-shaped leaves and dainty pink or white flower clusters. Thrives in medium to bright indirect light; avoid harsh, direct midday sun. Water when the top inch of soil feels dry, then allow to drain freely. Keep away from pets and children, as this plant is toxic if ingested.",TRUE,,Tropical Plants;,23f81e_91d7047cf1a6478c9d0c18c2a1d0a7cf~mv2.jpg
"4"" Begonia - Maculata",1110021600,"4""","A versatile, ornamental plant grown for its striking foliage and/or clusters of cheerful flowers. Thrives in medium to bright indirect light; avoid harsh, direct midday sun. Water when the top inch of soil feels dry, then allow to drain freely. Let the soil surface dry slightly between waterings and avoid wetting the leaves. Keep away from pets and children, as this plant is toxic if ingested.",TRUE,,Tropical Plants;,23f81e_45e171392d3b40aeb05ff267ec01b977~mv2.jpg
"4""Begonia Maculata",1110021600,"4""","A versatile, ornamental plant grown for its striking foliage and/or clusters of cheerful flowers. Thrives in medium to bright indirect light; avoid harsh, direct midday sun. Water when the top inch of soil feels dry, then allow to drain freely. Let the soil surface dry slightly between waterings and avoid wetting the leaves. Keep away from pets and children, as this plant is toxic if ingested.",FALSE,,Tropical Plants;,db81aa_c9723442868840d193b3742177009313~mv2.jpg
"4"" Calathea - Medallion",1110026500,"4""","A striking Prayer Plant relative grown for its boldly patterned, richly coloured foliage. Thrives in medium to bright indirect light; avoid harsh, direct midday sun. Prefers consistently moist soil and appreciates higher humidity. Leaves fold up at night; prefers filtered water and higher humidity to prevent crispy edges. Pet friendly and non-toxic if ingested.",TRUE,,Tropical Plants;,23f81e_7abf05e283194dd4b14399f4a715c1db~mv2.jpg
"4"" Calathea - Burl Marx",1110026800,"4""","A striking Prayer Plant relative grown for its boldly patterned, richly coloured foliage. Thrives in medium to bright indirect light; avoid harsh, direct midday sun. Prefers consistently moist soil and appreciates higher humidity. Leaves fold up at night; prefers filtered water and higher humidity to prevent crispy edges. Pet friendly and non-toxic if ingested.",TRUE,,Tropical Plants;,23f81e_0b025514a1e4448e9729073a8ea0e21c~mv2.jpg
"4"" Calathea - Ornata",1110027200,"4""","A striking Prayer Plant relative grown for its boldly patterned, richly coloured foliage. Thrives in medium to bright indirect light; avoid harsh, direct midday sun. Prefers consistently moist soil and appreciates higher humidity. Leaves fold up at night; prefers filtered water and higher humidity to prevent crispy edges. Pet friendly and non-toxic if ingested.",TRUE,,Tropical Plants;,23f81e_47d02896657f4f9d91253054c6af6bc1~mv2.jpg
"4"" Calathea - Peacock",1110027600,"4""","A striking Prayer Plant relative grown for its boldly patterned, richly coloured foliage. Thrives in medium to bright indirect light; avoid harsh, direct midday sun. Prefers consistently moist soil and appreciates higher humidity. Leaves fold up at night; prefers filtered water and higher humidity to prevent crispy edges. Pet friendly and non-toxic if ingested.",TRUE,,Tropical Plants;,23f81e_62d17021c668433bba24b0915a130d93~mv2.jpg
"4"" Calathea - assorted",1110028000,"4""","A striking Prayer Plant relative grown for its boldly patterned, richly coloured foliage. Thrives in medium to bright indirect light; avoid harsh, direct midday sun. Prefers consistently moist soil and appreciates higher humidity. Leaves fold up at night; prefers filtered water and higher humidity to prevent crispy edges. Pet friendly and non-toxic if ingested.",FALSE,,Tropical Plants;,23f81e_dcedb1a3183c43f9b05a470554a16d33~mv2.jpg
"4"" Calathea - Zebrina",1110028200,"4""","A striking Prayer Plant relative grown for its boldly patterned, richly coloured foliage. Thrives in medium to bright indirect light; avoid harsh, direct midday sun. Prefers consistently moist soil and appreciates higher humidity. Leaves fold up at night; prefers filtered water and higher humidity to prevent crispy edges. Pet friendly and non-toxic if ingested.",TRUE,,Tropical Plants;,23f81e_2b89a6f5e91f4544a60d16b5a9310857~mv2.jpg
"4"" Calathea - Freddie",1110028400,"4""","A striking Prayer Plant relative grown for its boldly patterned, richly coloured foliage. Thrives in medium to bright indirect light; avoid harsh, direct midday sun. Prefers consistently moist soil and appreciates higher humidity. Leaves fold up at night; prefers filtered water and higher humidity to prevent crispy edges. Pet friendly and non-toxic if ingested.",TRUE,,Tropical Plants;,23f81e_d7df0f8acaab46b5a700fd1146f64490~mv2.jpg
"4"" Calathea - Orbifolia",1110028500,"4""","A striking Prayer Plant relative grown for its boldly patterned, richly coloured foliage. Thrives in medium to bright indirect light; avoid harsh, direct midday sun. Prefers consistently moist soil and appreciates higher humidity. Leaves fold up at night; prefers filtered water and higher humidity to prevent crispy edges. Pet friendly and non-toxic if ingested.",TRUE,,Tropical Plants;,23f81e_d2c6ce07b7584b5381c1a09f0d6fd364~mv2.jpg
"4"" Crassula - Calico Kitten",1110030000,"4""","A trailing succulent with small, delicately marbled leaves in soft pink and green tones. Prefers bright light with some direct sun each day. Water sparingly and only once the soil is completely dry; excellent drainage is essential. Pet friendly and non-toxic if ingested.",TRUE,,Tropical Plants;,23f81e_9c0e1fd8ea2f4a339665aff9b72841ab~mv2.jpg
"4"" Palm - Neanthe Bella (Parlour)",1110032000,"4""","A compact, classic parlour palm with delicate, feathery fronds that tolerates lower light beautifully. Tolerates low to medium light, making it a forgiving choice for offices and low-light corners. Water when the top inch of soil feels dry, then allow to drain freely. Pet friendly and non-toxic if ingested.",TRUE,,Tropical Plants;,23f81e_87820022dbca457cb339f0ad7c72612e~mv2.jpg
"4"" Spider - Reverse Stripe",1110034000,"4""","A classic, easy-care houseplant with arching, striped foliage and dangling plantlets on long runners. Thrives in medium to bright indirect light; avoid harsh, direct midday sun. Water when the top inch of soil feels dry, then allow to drain freely. One of the most forgiving houseplants and a great choice for beginners. Pet friendly and non-toxic if ingested.",TRUE,,Tropical Plants;,23f81e_28d959d77cde4ed5bc117429b769636b~mv2.jpg
"4"" Spider - Variegated",1110034100,"4""","A classic, easy-care houseplant with arching, striped foliage and dangling plantlets on long runners. Thrives in medium to bright indirect light; avoid harsh, direct midday sun. Water when the top inch of soil feels dry, then allow to drain freely. One of the most forgiving houseplants and a great choice for beginners. Pet friendly and non-toxic if ingested.",TRUE,,Tropical Plants;,23f81e_f8b978e4facf4e3cacb1be0e7b81d3f9~mv2.jpg
"4"" Spider - Green",1110034500,"4""","A classic, easy-care houseplant with arching, striped foliage and dangling plantlets on long runners. Thrives in medium to bright indirect light; avoid harsh, direct midday sun. Water when the top inch of soil feels dry, then allow to drain freely. One of the most forgiving houseplants and a great choice for beginners. Pet friendly and non-toxic if ingested.",TRUE,,Tropical Plants;,23f81e_ad99e35b717f4150af7f37c44c76acd4~mv2.jpg
"4"" Spider - Curly Green",1110034600,"4""","A classic, easy-care houseplant with arching, striped foliage and dangling plantlets on long runners. Thrives in medium to bright indirect light; avoid harsh, direct midday sun. Water when the top inch of soil feels dry, then allow to drain freely. One of the most forgiving houseplants and a great choice for beginners. Pet friendly and non-toxic if ingested.",TRUE,,Tropical Plants;,23f81e_0cffc56203214661bd2676eb25a318db~mv2.jpg
"4"" Areca Palm",1110035000,"4""","A graceful, feathery palm that brings an airy, tropical look indoors and doubles as a natural air freshener. Provide bright, indirect light for best growth and colour. Water when the top inch of soil feels dry, then allow to drain freely. Pet friendly and non-toxic if ingested.",TRUE,,Tropical Plants;,23f81e_93ea731c1b584469ba66406e4824cd6b~mv2.jpg
"4"" Danish Ivy",1110036200,"4""","A trailing vine with small, glossy, deeply lobed leaves that cascade attractively from a pot or basket. Thrives in medium to bright indirect light; avoid harsh, direct midday sun. Water when the top inch of soil feels dry, then allow to drain freely. Keep away from pets and children, as this plant is toxic if ingested.",TRUE,,Tropical Plants;,23f81e_d8bac8d729b845148ce4525860df99b0~mv2.jpg
"4"" Turtle Vine",1110036600,"4""","A dainty trailing succulent with small, rounded, shell-like leaves along thin stems. Provide bright, indirect light for best growth and colour. Allow the soil to dry out between waterings; overwatering is the most common cause of trouble. Pet friendly and non-toxic if ingested.",TRUE,,Tropical Plants;,23f81e_9b6ce7e66c224d71ad218ef81e7f566d~mv2.jpg
"4"" Callisia - Pink Lady",1110036700,"4""","A trailing, patterned foliage plant related to Tradescantia, with pink-and-green striped leaves. Provide bright, indirect light for best growth and colour. Water when the top inch of soil feels dry, then allow to drain freely. Pet friendly and non-toxic if ingested.",TRUE,,Tropical Plants;,23f81e_2b388bbb717446b3a66e7d27245cb1b4~mv2.jpg
"4"" Croton - Gold Dust",1110040000,"4""","A vibrant, sun-loving foliage plant with bold, multicoloured leaves in shades of red, orange, and yellow. Prefers bright light with some direct sun each day. Water when the top inch of soil feels dry, then allow to drain freely. Needs good light to maintain its brightest colours. Keep away from pets and children, as this plant is toxic if ingested.",TRUE,,Tropical Plants;,23f81e_6ed68cae8fdd4f9092669f40b64d875e~mv2.jpg
"4"" Croton",1110040200,"4""","A vibrant, sun-loving foliage plant with bold, multicoloured leaves in shades of red, orange, and yellow. Prefers bright light with some direct sun each day. Water when the top inch of soil feels dry, then allow to drain freely. Needs good light to maintain its brightest colours. Keep away from pets and children, as this plant is toxic if ingested.",TRUE,,Tropical Plants;,23f81e_4cd2881237bc4ec08e0eeb2ca666f7c6~mv2.jpg
"4"" Coffee Plant",1110041000,"4""","A handsome indoor tree with glossy, deeply veined dark green leaves. Provide bright, indirect light for best growth and colour. Water when the top inch of soil feels dry, then allow to drain freely. Pet friendly and non-toxic if ingested.",TRUE,,Tropical Plants;,23f81e_734f306aca324a39837090b82bf783fa~mv2.jpg
"4"" Umbrella Tree - Scheff",1110053000,"4""","A fast-growing indoor tree with glossy leaflets arranged like the spokes of an umbrella. Thrives in medium to bright indirect light; avoid harsh, direct midday sun. Water when the top inch of soil feels dry, then allow to drain freely. Pet friendly and non-toxic if ingested.",TRUE,,Tropical Plants;,23f81e_5a2a3975b3334b18afe3549c477337c0~mv2.jpg
"4"" Dieffenbachia - Perfection",1110060200,"4""","A classic tropical foliage plant with large, boldly patterned cream-and-green leaves. Thrives in medium to bright indirect light; avoid harsh, direct midday sun. Water when the top inch of soil feels dry, then allow to drain freely. Keep away from pets and children, as this plant is toxic if ingested.",TRUE,,Tropical Plants;,23f81e_eafac6ed23b64b74a07df1fad8447093~mv2.jpg
"4"" Dieffenbachia - Camille",1110060300,"4""","A classic tropical foliage plant with large, boldly patterned cream-and-green leaves. Thrives in medium to bright indirect light; avoid harsh, direct midday sun. Water when the top inch of soil feels dry, then allow to drain freely. Keep away from pets and children, as this plant is toxic if ingested.",TRUE,,Tropical Plants;,23f81e_47313a2c9fdb4cfaad325691e08474d7~mv2.jpg
"4"" Dieffenbachia - Amy",1110061500,"4""","A classic tropical foliage plant with large, boldly patterned cream-and-green leaves. Thrives in medium to bright indirect light; avoid harsh, direct midday sun. Water when the top inch of soil feels dry, then allow to drain freely. Keep away from pets and children, as this plant is toxic if ingested.",TRUE,,Tropical Plants;,23f81e_fb07bb98316046b28267deac988fb203~mv2.jpg
"4"" False Aralia",1110063000,"4""","An elegant foliage plant with narrow, deeply serrated, coppery-green leaflets that darken with age. Thrives in medium to bright indirect light; avoid harsh, direct midday sun. Water when the top inch of soil feels dry, then allow to drain freely. Appreciates steady humidity and dislikes drafts. Pet friendly and non-toxic if ingested.",TRUE,,Tropical Plants;,23f81e_2d8d85706f00442b86518ecf26bfb32e~mv2.jpg
"4"" False Aralia - Variegated",1110063100,"4""","An elegant foliage plant with narrow, deeply serrated, coppery-green leaflets that darken with age. Thrives in medium to bright indirect light; avoid harsh, direct midday sun. Water when the top inch of soil feels dry, then allow to drain freely. Appreciates steady humidity and dislikes drafts. Pet friendly and non-toxic if ingested.",TRUE,,Tropical Plants;,23f81e_37a82acd000b45c3b382041744e5126f~mv2.jpg
"4"" Dracaena Warneckii - Lemon Lime",1110067900,"4""","An architectural, easy-care foliage plant with strappy or cane-style growth, ideal for adding height indoors. Tolerates low to medium light, making it a forgiving choice for offices and low-light corners. Allow the soil to dry out between waterings; overwatering is the most common cause of trouble. Keep away from pets and children, as this plant is toxic if ingested.",TRUE,,Tropical Plants;,23f81e_8db484864b9d421a8f50873be48e87dc~mv2.jpg
"4"" Dracaena Warneckii - Variegated",1110068200,"4""","An architectural, easy-care foliage plant with strappy or cane-style growth, ideal for adding height indoors. Tolerates low to medium light, making it a forgiving choice for offices and low-light corners. Allow the soil to dry out between waterings; overwatering is the most common cause of trouble. Keep away from pets and children, as this plant is toxic if ingested.",TRUE,,Tropical Plants;,23f81e_1dda7a2d4dc740369e1d3405dd68d2e1~mv2.jpg
"4"" Cyperus Papyrus",1110068500,"4""","A dramatic, grass-like plant with tall stems topped by fine, fountain-like foliage; naturally at home in boggy soil. Prefers bright light with some direct sun each day. Keep the soil constantly wet to waterlogged; this plant thrives with its roots in standing water. Pet friendly and non-toxic if ingested.",TRUE,,Outdoor Items,db81aa_a4a0aa3ac171481492b42d0da76b2202~mv2.jpg
"4"" Dracaena Ribbon - Variegated",1110068500,"4""","An architectural, easy-care foliage plant with strappy or cane-style growth, ideal for adding height indoors. Tolerates low to medium light, making it a forgiving choice for offices and low-light corners. Allow the soil to dry out between waterings; overwatering is the most common cause of trouble. Keep away from pets and children, as this plant is toxic if ingested.",TRUE,,Tropical Plants;,23f81e_c7b5ad7a9e77402685af7071c3656a09~mv2.jpg
"4"" Ribbon Plant - Golden",1110068600,"4""","A Dracaena variety grown for its gracefully arching, ribbon-like variegated leaves. Tolerates low to medium light, making it a forgiving choice for offices and low-light corners. Allow the soil to dry out between waterings; overwatering is the most common cause of trouble. Keep away from pets and children, as this plant is toxic if ingested.",TRUE,,Tropical Plants;,23f81e_d0b6927f65de4adab7064b820dadaccc~mv2.jpg
"4"" Dracaena - Janet Craig Compacta",1110069100,"4""","An architectural, easy-care foliage plant with strappy or cane-style growth, ideal for adding height indoors. Tolerates low to medium light, making it a forgiving choice for offices and low-light corners. Allow the soil to dry out between waterings; overwatering is the most common cause of trouble. Keep away from pets and children, as this plant is toxic if ingested.",TRUE,,Tropical Plants;,23f81e_8c817821ca2043c195fa3b9221c20166~mv2.jpg
"4"" Dracaena Dragon Tree - Natural",1110069700,"4""","An architectural, easy-care foliage plant with strappy or cane-style growth, ideal for adding height indoors. Tolerates low to medium light, making it a forgiving choice for offices and low-light corners. Allow the soil to dry out between waterings; overwatering is the most common cause of trouble. Keep away from pets and children, as this plant is toxic if ingested.",TRUE,,Tropical Plants;,23f81e_c02625017b7a4d6b9d817edd1c28464c~mv2.jpg
"4"" Dracaena Dragon Tree - Colorama",1110070300,"4""","An architectural, easy-care foliage plant with strappy or cane-style growth, ideal for adding height indoors. Tolerates low to medium light, making it a forgiving choice for offices and low-light corners. Allow the soil to dry out between waterings; overwatering is the most common cause of trouble. Keep away from pets and children, as this plant is toxic if ingested.",TRUE,,Tropical Plants;,23f81e_6a4a1ec20b1d45ea8a95f7c887f9b1b6~mv2.jpg
"4"" Dracaena - Indivisia",1110071100,"4""","An architectural, easy-care foliage plant with strappy or cane-style growth, ideal for adding height indoors. Tolerates low to medium light, making it a forgiving choice for offices and low-light corners. Allow the soil to dry out between waterings; overwatering is the most common cause of trouble. Keep away from pets and children, as this plant is toxic if ingested.",TRUE,,Outdoor Items,23f81e_3e7f33cd546244748d623d3c39232f15~mv2.jpg
"4"" Dracaena Dragon Tree - Magenta",1110071500,"4""","An architectural, easy-care foliage plant with strappy or cane-style growth, ideal for adding height indoors. Tolerates low to medium light, making it a forgiving choice for offices and low-light corners. Allow the soil to dry out between waterings; overwatering is the most common cause of trouble. Keep away from pets and children, as this plant is toxic if ingested.",TRUE,,Tropical Plants;,23f81e_c6b4e2598fdf40d78c8979e80279eac2~mv2.jpg
"4"" Dracaena - Dragon Tree - Bicolor",1110072000,"4""","An architectural, easy-care foliage plant with strappy or cane-style growth, ideal for adding height indoors. Tolerates low to medium light, making it a forgiving choice for offices and low-light corners. Allow the soil to dry out between waterings; overwatering is the most common cause of trouble. Keep away from pets and children, as this plant is toxic if ingested.",TRUE,,Tropical Plants;,23f81e_7b14629d1021422eb453e5ff97287c49~mv2.jpg
"4"" Ficus - Tineke",1110080600,"4""","A popular indoor tree or trailing vine with glossy foliage that makes a bold architectural statement. Provide bright, indirect light for best growth and colour. Water when the top inch of soil feels dry, then allow to drain freely. Dislikes being moved and may drop a few leaves while adjusting to a new spot. Keep away from pets and children, as this plant is toxic if ingested.",TRUE,,Tropical Plants;,23f81e_99cf7bb40e8b4bc09735fce384ca64b5~mv2.jpg
"4"" Creeping Fig - Bellus",1110083200,"4""","A dainty, fast-spreading vine with tiny leaves, perfect for trailing pots, terrariums, or topiary. Thrives in medium to bright indirect light; avoid harsh, direct midday sun. Keep soil evenly moist and never let it dry out completely. Pet friendly and non-toxic if ingested.",TRUE,,Tropical Plants;,23f81e_0ec262e783e04533bc1d857164a49b6a~mv2.jpg
"4"" Ficus Elastica Burgundy",1110083500,"4""","A popular indoor tree or trailing vine with glossy foliage that makes a bold architectural statement. Provide bright, indirect light for best growth and colour. Water when the top inch of soil feels dry, then allow to drain freely. Dislikes being moved and may drop a few leaves while adjusting to a new spot. Keep away from pets and children, as this plant is toxic if ingested.",TRUE,,Tropical Plants;,23f81e_b365c36e93fc479097368a930b87e583~mv2.jpg
"4"" Creeping Fig - Green",1110084500,"4""","A dainty, fast-spreading vine with tiny leaves, perfect for trailing pots, terrariums, or topiary. Thrives in medium to bright indirect light; avoid harsh, direct midday sun. Keep soil evenly moist and never let it dry out completely. Pet friendly and non-toxic if ingested.",TRUE,,Tropical Plants;,23f81e_adcefcba2bdd41c69a28887731a814a5~mv2.jpg
"4"" Fittonia - Red Vein",1110086000,"4""","A low, creeping foliage plant with striking, intricately veined leaves. Tolerates low to medium light, making it a forgiving choice for offices and low-light corners. Keep soil evenly moist and never let it dry out completely. Loves humidity; a terrarium or bathroom is an ideal home. Pet friendly and non-toxic if ingested.",TRUE,,Tropical Plants;,23f81e_d298b3b90a0941a39d3c6891daa56831~mv2.jpg
"4"" Fittonia - White Vein",1110086100,"4""","A low, creeping foliage plant with striking, intricately veined leaves. Tolerates low to medium light, making it a forgiving choice for offices and low-light corners. Keep soil evenly moist and never let it dry out completely. Loves humidity; a terrarium or bathroom is an ideal home. Pet friendly and non-toxic if ingested.",TRUE,,Tropical Plants;,23f81e_b49c88f753234f65b865facaaba22005~mv2.jpg
"4"" Nerve Plant - Mini",1110086200,"4""","A low, creeping foliage plant with striking, intricately veined leaves. Tolerates low to medium light, making it a forgiving choice for offices and low-light corners. Keep soil evenly moist and never let it dry out completely. Loves humidity; a terrarium or bathroom is an ideal home. Pet friendly and non-toxic if ingested.",TRUE,,Tropical Plants;,23f81e_40847d388eff4f39a0dc3f7f63dc1aa2~mv2.jpg
"4"" Ficus - Audrey",1110087100,"4""","A popular indoor tree or trailing vine with glossy foliage that makes a bold architectural statement. Provide bright, indirect light for best growth and colour. Water when the top inch of soil feels dry, then allow to drain freely. Dislikes being moved and may drop a few leaves while adjusting to a new spot. Keep away from pets and children, as this plant is toxic if ingested.",TRUE,,Tropical Plants;,23f81e_2c4fc6e8bfd543c5a2d90354e2b92234~mv2.jpg
"4"" Zebra Plant",1110100000,"4""","A bold foliage plant with dramatic, striped or patterned leaves reminiscent of its namesake. Provide bright, indirect light for best growth and colour. Water when the top inch of soil feels dry, then allow to drain freely. Pet friendly and non-toxic if ingested.",TRUE,,Tropical Plants;,23f81e_e0353e5ec85649a2905c962ea1cc0af0~mv2.jpg
"4"" Ivy Algerian",1110104500,"4""","A vigorous trailing vine with large, glossy, deeply lobed leaves. Thrives in medium to bright indirect light; avoid harsh, direct midday sun. Water when the top inch of soil feels dry, then allow to drain freely. Keep away from pets and children, as this plant is toxic if ingested.",TRUE,,Tropical Plants;,23f81e_a223a567b81b4661a99caade28f2500a~mv2.jpg
"4"" Ivy - Marengo",1110104700,"4""","A variegated Algerian Ivy with bold, cream-edged glossy leaves and a lush trailing habit. Thrives in medium to bright indirect light; avoid harsh, direct midday sun. Water when the top inch of soil feels dry, then allow to drain freely. Keep away from pets and children, as this plant is toxic if ingested.",TRUE,,Tropical Plants;,23f81e_5a3ff2e9ffe64c15a317ccd1d919cdfe~mv2.jpg
"4"" English Ivy - Green",1110105100,"4""","A classic trailing vine with lobed, evergreen leaves, equally at home in hanging baskets or climbing a trellis. Thrives in medium to bright indirect light; avoid harsh, direct midday sun. Water when the top inch of soil feels dry, then allow to drain freely. Keep away from pets and children, as this plant is toxic if ingested.",TRUE,,Tropical Plants;,23f81e_aa2ac5aac0d046f6b70ae98d8f7ac708~mv2.jpg
"4"" English Ivy - Variegated",1110105300,"4""","A classic trailing vine with lobed, evergreen leaves, equally at home in hanging baskets or climbing a trellis. Thrives in medium to bright indirect light; avoid harsh, direct midday sun. Water when the top inch of soil feels dry, then allow to drain freely. Keep away from pets and children, as this plant is toxic if ingested.",FALSE,,Tropical Plants;,23f81e_c070c1c4219647e5a672e385eebd39a1~mv2.jpg
"4"" Fine Baby Tears - Green",1110108000,"4""","A delicate, moss-like trailing plant with tiny leaves, ideal for terrariums and hanging containers. Thrives in medium to bright indirect light; avoid harsh, direct midday sun. Keep soil evenly moist and never let it dry out completely. Pet friendly and non-toxic if ingested.",FALSE,,Tropical Plants;,23f81e_9f98686eaeb5419d9e933cbe9521958d~mv2.jpg
"4"" Waffle Plant",1110110000,"4""","A textured foliage plant with deeply quilted, puckered leaves in rich purple or green tones. Thrives in medium to bright indirect light; avoid harsh, direct midday sun. Water when the top inch of soil feels dry, then allow to drain freely. Pet friendly and non-toxic if ingested.",TRUE,,Tropical Plants;,23f81e_56f00a3e42544ce08507be1e409eea42~mv2.jpg
"4"" Schefflera - Hawaiian Bush",1110111000,"4""","A fast-growing indoor tree with glossy leaflets arranged like the spokes of an umbrella. Thrives in medium to bright indirect light; avoid harsh, direct midday sun. Water when the top inch of soil feels dry, then allow to drain freely. Pet friendly and non-toxic if ingested.",TRUE,,Tropical Plants;,23f81e_9c45068057a644c4ab6e5d9dd5a2e5c8~mv2.jpg
"4"" Umbrella Tree - Scheff Janine",1110111100,"4""","A fast-growing indoor tree with glossy leaflets arranged like the spokes of an umbrella. Thrives in medium to bright indirect light; avoid harsh, direct midday sun. Water when the top inch of soil feels dry, then allow to drain freely. Pet friendly and non-toxic if ingested.",FALSE,,Tropical Plants;,23f81e_33f079e7e26c49d88f0e708a1719e2ec~mv2.jpg
"4"" Schefflera - Moonlight",1110111300,"4""","A fast-growing indoor tree with glossy leaflets arranged like the spokes of an umbrella. Thrives in medium to bright indirect light; avoid harsh, direct midday sun. Water when the top inch of soil feels dry, then allow to drain freely. Pet friendly and non-toxic if ingested.",TRUE,,Tropical Plants;,23f81e_94c84f2abc4e4200bcf4b30ba8ddeb59~mv2.jpg
"4"" Homalomena",1110115000,"4""","A lush tropical foliage plant with glossy, heart-shaped leaves that add a bold jungle look indoors. Thrives in medium to bright indirect light; avoid harsh, direct midday sun. Water when the top inch of soil feels dry, then allow to drain freely. Keep away from pets and children, as this plant is toxic if ingested.",TRUE,,Tropical Plants;,23f81e_a0c0a66bdd3e429eaf065ca7e04cb335~mv2.jpg
"4"" Asparagus Fern - Meyerii",1110115300,"4""","A soft, feathery-textured foliage plant with needle-like leaves (not a true fern). Thrives in medium to bright indirect light; avoid harsh, direct midday sun. Water when the top inch of soil feels dry, then allow to drain freely. Keep away from pets and children, as this plant is toxic if ingested.",TRUE,,Tropical Plants;,23f81e_b9890f208a6541e2b9170eed7d906a72~mv2.jpg
"4"" Hoya - Krinkle Kurl",1110118400,"4""","A semi-succulent flowering vine with thick, waxy leaves and clusters of star-shaped, often fragrant blooms. Provide bright, indirect light for best growth and colour. Allow the soil to dry out between waterings; overwatering is the most common cause of trouble. Let it dry out between waterings and don't be tempted to repot too often; hoyas bloom best when slightly root-bound. Pet friendly and non-toxic if ingested.",TRUE,,Tropical Plants;,23f81e_ddf2f5ab5bd54d77818ce818427624e4~mv2.jpg
"4"" Hoya - Wayetti",1110118600,"4""","A semi-succulent flowering vine with thick, waxy leaves and clusters of star-shaped, often fragrant blooms. Provide bright, indirect light for best growth and colour. Allow the soil to dry out between waterings; overwatering is the most common cause of trouble. Let it dry out between waterings and don't be tempted to repot too often; hoyas bloom best when slightly root-bound. Pet friendly and non-toxic if ingested.",TRUE,,Tropical Plants;,23f81e_9f859e097b8e47c2a194c5d48eede22d~mv2.jpg
"4"" Hoya Gracillis",1110118900,"4""","A semi-succulent flowering vine with thick, waxy leaves and clusters of star-shaped, often fragrant blooms. Provide bright, indirect light for best growth and colour. Allow the soil to dry out between waterings; overwatering is the most common cause of trouble. Let it dry out between waterings and don't be tempted to repot too often; hoyas bloom best when slightly root-bound. Pet friendly and non-toxic if ingested.",TRUE,,Tropical Plants;,23f81e_5e384a0e015642f6bab48b85ea13d13d~mv2.jpg
"4"" Hoya - Rosita",1110119000,"4""","A semi-succulent flowering vine with thick, waxy leaves and clusters of star-shaped, often fragrant blooms. Provide bright, indirect light for best growth and colour. Allow the soil to dry out between waterings; overwatering is the most common cause of trouble. Let it dry out between waterings and don't be tempted to repot too often; hoyas bloom best when slightly root-bound. Pet friendly and non-toxic if ingested.",TRUE,,Tropical Plants;,23f81e_c1e07a7e372d426b8ecdc616e0617763~mv2.jpg
"4"" Polka Dot",1110120000,"4""","A playful foliage plant (Hypoestes) with leaves splashed in pink, white, or red speckles. Thrives in medium to bright indirect light; avoid harsh, direct midday sun. Keep soil evenly moist and never let it dry out completely. Pet friendly and non-toxic if ingested.",TRUE,,Indoor Flowering,23f81e_5d3fab05f59f48caace180deb0a40079~mv2.jpg;23f81e_956ec0df4e6b4834a8dffada5febc95f~mv2.jpg
"4"" Beefsteak Plant",1110125000,"4""","An eye-catching foliage plant (Iresine) with vivid burgundy-red, glossy leaves. Prefers bright light with some direct sun each day. Water when the top inch of soil feels dry, then allow to drain freely. Pet friendly and non-toxic if ingested.",FALSE,,Tropical Plants;,db81aa_5e7f2fee2af64a3b9d036a48181b923b~mv2.jpg
"4"" Maranta - Green",1110155000,"4""","The classic Prayer Plant, named for the way its patterned leaves fold upward at night like praying hands. Thrives in medium to bright indirect light; avoid harsh, direct midday sun. Prefers consistently moist soil and appreciates higher humidity. Pet friendly and non-toxic if ingested.",TRUE,,Tropical Plants;,23f81e_1323feff50054f8bac414a2ead88e8d0~mv2.jpg
"4"" Maranta - Red",1110155100,"4""","The classic Prayer Plant, named for the way its patterned leaves fold upward at night like praying hands. Thrives in medium to bright indirect light; avoid harsh, direct midday sun. Prefers consistently moist soil and appreciates higher humidity. Pet friendly and non-toxic if ingested.",TRUE,,Tropical Plants;,23f81e_f15a0e2415a149c7a5ab233979674931~mv2.jpg
"4"" Lemon Maranta",1110155300,"4""","The classic Prayer Plant, named for the way its patterned leaves fold upward at night like praying hands. Thrives in medium to bright indirect light; avoid harsh, direct midday sun. Prefers consistently moist soil and appreciates higher humidity. Pet friendly and non-toxic if ingested.",TRUE,,Tropical Plants;,23f81e_e0833c72cbf648fb97df16bb6b4d2146~mv2.jpg
"4"" Maranta - Silver Band",1110155400,"4""","The classic Prayer Plant, named for the way its patterned leaves fold upward at night like praying hands. Thrives in medium to bright indirect light; avoid harsh, direct midday sun. Prefers consistently moist soil and appreciates higher humidity. Pet friendly and non-toxic if ingested.",TRUE,,Tropical Plants;,23f81e_f65c06fb932d48c8a8524212e7bc1ead~mv2.jpg
"4"" Maidenhair Vine",1110169000,"4""","A delicate trailing plant with tiny, rounded leaves on fine, wiry stems, perfect for hanging baskets. Thrives in medium to bright indirect light; avoid harsh, direct midday sun. Keep soil evenly moist and never let it dry out completely. Pet friendly and non-toxic if ingested.",TRUE,,Tropical Plants;,23f81e_7ec4e811291149cb857a397faf050af9~mv2.jpg
"4"" Banana - Dwarf Cavendish",1110173100,"4""","A fast-growing, dramatic tropical plant with huge, paddle-shaped leaves for an instant jungle feel. Prefers bright light with some direct sun each day. Keep soil evenly moist and never let it dry out completely. Pet friendly and non-toxic if ingested.",TRUE,,Tropical Plants;,23f81e_157a9927f1a4404db831eb452e730a7f~mv2.jpg
"4"" Mondo Grass - Dwarf Black",1110179000,"4""","A dense, grass-like groundcover with narrow, near-black or green foliage. Grows best in part sun to light shade. Water when the top inch of soil feels dry, then allow to drain freely. Hardy and useful as a border or container accent. Pet friendly and non-toxic if ingested.",TRUE,,Outdoor Items,23f81e_0bf8d2844fbf4ae39b221e1fc38d4fda~mv2.jpg
"4"" Sugarvine",1110179200,"4""","A charming trailing plant with small, glossy, ivy-like leaflets and a cheerful, bushy habit. Thrives in medium to bright indirect light; avoid harsh, direct midday sun. Water when the top inch of soil feels dry, then allow to drain freely. Pet friendly and non-toxic if ingested.",TRUE,,Tropical Plants;,23f81e_c30f565438f5497da0ad467fc045169b~mv2.jpg
"4"" Hoya Publicalyx",1110181300,"4""","A semi-succulent flowering vine with thick, waxy leaves and clusters of star-shaped, often fragrant blooms. Provide bright, indirect light for best growth and colour. Allow the soil to dry out between waterings; overwatering is the most common cause of trouble. Let it dry out between waterings and don't be tempted to repot too often; hoyas bloom best when slightly root-bound. Pet friendly and non-toxic if ingested.",TRUE,,Tropical Plants;,23f81e_1dd8ce72da7546f29503709748daa7f4~mv2.jpg
"4"" Hoya - Australis Grande",1110181500,"4""","A semi-succulent flowering vine with thick, waxy leaves and clusters of star-shaped, often fragrant blooms. Provide bright, indirect light for best growth and colour. Allow the soil to dry out between waterings; overwatering is the most common cause of trouble. Let it dry out between waterings and don't be tempted to repot too often; hoyas bloom best when slightly root-bound. Pet friendly and non-toxic if ingested.",TRUE,,Tropical Plants;,23f81e_e853ec39c87f407bbf927b41b91797c0~mv2.jpg
"4"" Hoya - Krimson Queen",1110181600,"4""","A semi-succulent flowering vine with thick, waxy leaves and clusters of star-shaped, often fragrant blooms. Provide bright, indirect light for best growth and colour. Allow the soil to dry out between waterings; overwatering is the most common cause of trouble. Let it dry out between waterings and don't be tempted to repot too often; hoyas bloom best when slightly root-bound. Pet friendly and non-toxic if ingested.",TRUE,,Tropical Plants;,23f81e_496f552bdbe14dfeb23bd41ad0e36947~mv2.jpg;23f81e_18da4b85ee0c484dab234209ea6df593~mv2.jpg
"4"" Hoya - Curtisii",1110181700,"4""","A semi-succulent flowering vine with thick, waxy leaves and clusters of star-shaped, often fragrant blooms. Provide bright, indirect light for best growth and colour. Allow the soil to dry out between waterings; overwatering is the most common cause of trouble. Let it dry out between waterings and don't be tempted to repot too often; hoyas bloom best when slightly root-bound. Pet friendly and non-toxic if ingested.",TRUE,,Tropical Plants;,23f81e_d042b535ddab4adf98ab47ceeed5f4da~mv2.jpg
"4"" Olive",1110186500,"4""","A Mediterranean tree with slender, silvery-green leaves that brings a relaxed, sun-loving look indoors or out. Needs full sun (6+ hours of direct light daily) to perform its best. Allow the soil to dry out between waterings; overwatering is the most common cause of trouble. Pet friendly and non-toxic if ingested.",TRUE,,Tropical Plants;,23f81e_b763e2caef204efab7dda3a5f770d8b0~mv2.jpg
"4"" Ripple Pep - Watermelon",1110193000,"4""","A ripple-leaved Peperomia with deeply textured, corrugated foliage. Thrives in medium to bright indirect light; avoid harsh, direct midday sun. Allow the soil to dry out between waterings; overwatering is the most common cause of trouble. Pet friendly and non-toxic if ingested.",TRUE,,Tropical Plants;,23f81e_3d2be01cd17c4b53ad9ccbebb00de549~mv2.jpg
"4"" Pep - Pepperspot",1110193200,"4""","A speckled-leaf Peperomia variety with a compact, easy-care habit. Thrives in medium to bright indirect light; avoid harsh, direct midday sun. Allow the soil to dry out between waterings; overwatering is the most common cause of trouble. Pet friendly and non-toxic if ingested.",TRUE,,Tropical Plants;,23f81e_9966187736e749b8b8cd5756c0e3ebd5~mv2.jpg
"4"" Peperomia - Raindrop",1110193500,"4""","A compact, easy-care houseplant with thick, decorative leaves that store water like a succulent. Thrives in medium to bright indirect light; avoid harsh, direct midday sun. Allow the soil to dry out between waterings; overwatering is the most common cause of trouble. Pet friendly and non-toxic if ingested.",TRUE,,Tropical Plants;,23f81e_969200b802ab42a1b3d07e9c0acc3967~mv2.jpg
"4"" Little Fantasy Pep",1110194100,"4""","A miniature Peperomia with small, heart-shaped, deeply veined leaves - perfect for small pots and terrariums. Thrives in medium to bright indirect light; avoid harsh, direct midday sun. Allow the soil to dry out between waterings; overwatering is the most common cause of trouble. Pet friendly and non-toxic if ingested.",TRUE,,Tropical Plants;,23f81e_a50e47a09bac4e53bab0d09c76c21175~mv2.jpg
"4"" Peperomia Deppeana",1110194300,"4""","A compact, easy-care houseplant with thick, decorative leaves that store water like a succulent. Thrives in medium to bright indirect light; avoid harsh, direct midday sun. Allow the soil to dry out between waterings; overwatering is the most common cause of trouble. Pet friendly and non-toxic if ingested.",TRUE,,Tropical Plants;,23f81e_a6fac88297e64bf1883a8130ed3017b9~mv2.jpg
"4"" Peperomia - Amigo",1110194600,"4""","A compact, easy-care houseplant with thick, decorative leaves that store water like a succulent. Thrives in medium to bright indirect light; avoid harsh, direct midday sun. Allow the soil to dry out between waterings; overwatering is the most common cause of trouble. Pet friendly and non-toxic if ingested.",TRUE,,Tropical Plants;,23f81e_d47886ff563e4e7ea8caede4f2185b98~mv2.jpg
"4"" Pepperface - Marble",1110194800,"4""","A Peperomia variety with thick, glossy, watermelon-patterned or solid leaves. Thrives in medium to bright indirect light; avoid harsh, direct midday sun. Allow the soil to dry out between waterings; overwatering is the most common cause of trouble. Pet friendly and non-toxic if ingested.",TRUE,,Tropical Plants;,23f81e_aba71c885faa4bc89ce44a5658e94f33~mv2.jpg
"4"" Pepperface - Variegated",1110194900,"4""","A Peperomia variety with thick, glossy, watermelon-patterned or solid leaves. Thrives in medium to bright indirect light; avoid harsh, direct midday sun. Allow the soil to dry out between waterings; overwatering is the most common cause of trouble. Pet friendly and non-toxic if ingested.",TRUE,,Tropical Plants;,23f81e_2de343c5da874f1dacdb030fa04c27b8~mv2.jpg
"4"" Pepperface - Lime",1110195300,"4""","A Peperomia variety with thick, glossy, watermelon-patterned or solid leaves. Thrives in medium to bright indirect light; avoid harsh, direct midday sun. Allow the soil to dry out between waterings; overwatering is the most common cause of trouble. Pet friendly and non-toxic if ingested.",TRUE,,Tropical Plants;,23f81e_5c61475058b041e784010d76cfea53e6~mv2.jpg
"4"" Peperomia - Hope",1110195400,"4""","A compact, easy-care houseplant with thick, decorative leaves that store water like a succulent. Thrives in medium to bright indirect light; avoid harsh, direct midday sun. Allow the soil to dry out between waterings; overwatering is the most common cause of trouble. Pet friendly and non-toxic if ingested.",TRUE,,Tropical Plants;,23f81e_1c2b3add53cf499799b11a6bb8140799~mv2.jpg
"6"" Ponytail",1110195900,"6""","Not a true palm but a striking succulent tree with a bulbous water-storing trunk and cascading, grass-like leaves. Prefers bright light with some direct sun each day. Water sparingly and only once the soil is completely dry; excellent drainage is essential. Pet friendly and non-toxic if ingested.",TRUE,,Tropical Plants;,23f81e_dd8fbbc3eb984aed9cc6020de2873d2a~mv2.jpg
"4"" Peperomia - Angulata",1110196100,"4""","A compact, easy-care houseplant with thick, decorative leaves that store water like a succulent. Thrives in medium to bright indirect light; avoid harsh, direct midday sun. Allow the soil to dry out between waterings; overwatering is the most common cause of trouble. Pet friendly and non-toxic if ingested.",TRUE,,Tropical Plants;,23f81e_a7fdc53186b442a1bf3836778d607017~mv2.jpg
"4"" Peperomia - Ginny/Pink",1110196300,"4""","A compact, easy-care houseplant with thick, decorative leaves that store water like a succulent. Thrives in medium to bright indirect light; avoid harsh, direct midday sun. Allow the soil to dry out between waterings; overwatering is the most common cause of trouble. Pet friendly and non-toxic if ingested.",TRUE,,Tropical Plants;,23f81e_36488860b2b54119a7e70bf4e3108075~mv2.jpg
"4"" Astrid Peperomia",1110196500,"4""","A compact Peperomia with glossy, deep green leaves and striking red stems. Thrives in medium to bright indirect light; avoid harsh, direct midday sun. Allow the soil to dry out between waterings; overwatering is the most common cause of trouble. Pet friendly and non-toxic if ingested.",TRUE,,Tropical Plants;,23f81e_ae5ee00490d6489cb0d2df31a5f5eaf7~mv2.jpg
"4"" Ripple Peperomia - Assorted",1110197000,"4""","A ripple-leaved Peperomia with deeply textured, corrugated foliage. Thrives in medium to bright indirect light; avoid harsh, direct midday sun. Allow the soil to dry out between waterings; overwatering is the most common cause of trouble. Pet friendly and non-toxic if ingested.",TRUE,,Tropical Plants;,23f81e_cceac395a6564f5381e0923e6971cef2~mv2.jpg
"4"" String of Turtles",1110197600,"4""","A dainty trailing succulent-adjacent Peperomia with small, patterned leaves resembling tiny turtle shells. Thrives in medium to bright indirect light; avoid harsh, direct midday sun. Allow the soil to dry out between waterings; overwatering is the most common cause of trouble. Pet friendly and non-toxic if ingested.",TRUE,,Tropical Plants;,db81aa_91002499d04c4fbea203e2f78ed450ff~mv2.jpg
"4"" Philo - Pink Princess",1110233800,"4""","A lush, easy-care trailing or climbing vine prized for its glossy, richly coloured foliage. Thrives in medium to bright indirect light; avoid harsh, direct midday sun. Allow the soil to dry out between waterings; overwatering is the most common cause of trouble. Keep away from pets and children, as this plant is toxic if ingested.",TRUE,,Tropical Plants;,23f81e_ab58167d55ea448eadf7b517fb082c99~mv2.jpg
"4"" Philo - White Princess",1110233900,"4""","A lush, easy-care trailing or climbing vine prized for its glossy, richly coloured foliage. Thrives in medium to bright indirect light; avoid harsh, direct midday sun. Allow the soil to dry out between waterings; overwatering is the most common cause of trouble. Keep away from pets and children, as this plant is toxic if ingested.",TRUE,,Tropical Plants;,23f81e_de302853bf014cdc8ea9157e65961b83~mv2.jpg
"4"" Philodendron Cordatum",1110234000,"4""","A lush, easy-care trailing or climbing vine prized for its glossy, richly coloured foliage. Thrives in medium to bright indirect light; avoid harsh, direct midday sun. Allow the soil to dry out between waterings; overwatering is the most common cause of trouble. Keep away from pets and children, as this plant is toxic if ingested.",TRUE,,Tropical Plants;,23f81e_4f233187f0cf4414b45c12f9faf49d7b~mv2.jpg
"4"" Philodendron - Brazil",1110234100,"4""","A lush, easy-care trailing or climbing vine prized for its glossy, richly coloured foliage. Thrives in medium to bright indirect light; avoid harsh, direct midday sun. Allow the soil to dry out between waterings; overwatering is the most common cause of trouble. Keep away from pets and children, as this plant is toxic if ingested.",TRUE,,Tropical Plants;,23f81e_69c8b6d5eb184f13a354fe8371c2c332~mv2.jpg
"4"" Philodendron Cordatum Lime",1110234200,"4""","A lush, easy-care trailing or climbing vine prized for its glossy, richly coloured foliage. Thrives in medium to bright indirect light; avoid harsh, direct midday sun. Allow the soil to dry out between waterings; overwatering is the most common cause of trouble. Keep away from pets and children, as this plant is toxic if ingested.",TRUE,,Tropical Plants;,23f81e_42b35323252a4978975bced7e98b268e~mv2.jpg
"4"" Philodendron - Micans",1110234900,"4""","A lush, easy-care trailing or climbing vine prized for its glossy, richly coloured foliage. Thrives in medium to bright indirect light; avoid harsh, direct midday sun. Allow the soil to dry out between waterings; overwatering is the most common cause of trouble. Keep away from pets and children, as this plant is toxic if ingested.",TRUE,,Tropical Plants;,23f81e_c8a6aa91992d4265ba535bd0abe9428e~mv2.jpg
"4"" Monstera - Monkey Mask",1110235500,"4""","An iconic tropical climber known for its dramatic, naturally perforated leaves. Provide bright, indirect light for best growth and colour. Water when the top inch of soil feels dry, then allow to drain freely. Provide a moss pole or trellis as it matures for the best leaf fenestration. Keep away from pets and children, as this plant is toxic if ingested.",TRUE,,Tropical Plants;,23f81e_5df8051553ff498fbf662e90ad323227~mv2.jpg
"4"" Philodendron - Prince Orange",1110235700,"4""","A lush, easy-care trailing or climbing vine prized for its glossy, richly coloured foliage. Thrives in medium to bright indirect light; avoid harsh, direct midday sun. Allow the soil to dry out between waterings; overwatering is the most common cause of trouble. Keep away from pets and children, as this plant is toxic if ingested.",TRUE,,Tropical Plants;,23f81e_85751b697f8344cfb8185642d74af262~mv2.jpg
"4"" Philo - Ring of Fire",1110235800,"4""","A lush, easy-care trailing or climbing vine prized for its glossy, richly coloured foliage. Thrives in medium to bright indirect light; avoid harsh, direct midday sun. Allow the soil to dry out between waterings; overwatering is the most common cause of trouble. Keep away from pets and children, as this plant is toxic if ingested.",TRUE,,Tropical Plants;,23f81e_4860e8ba37314779810c47c595db9905~mv2.jpg
"4"" Philodendron - Birken",1110236000,"4""","A lush, easy-care trailing or climbing vine prized for its glossy, richly coloured foliage. Thrives in medium to bright indirect light; avoid harsh, direct midday sun. Allow the soil to dry out between waterings; overwatering is the most common cause of trouble. Keep away from pets and children, as this plant is toxic if ingested.",TRUE,,Tropical Plants;,23f81e_acbe412bf2e44b319a79d1a6ff00f37b~mv2.jpg
"4"" Pilea Sao Paulo",1110240800,"4""","A charming, compact plant with round, coin-shaped or textured leaves that make a fun tabletop accent. Thrives in medium to bright indirect light; avoid harsh, direct midday sun. Water when the top inch of soil feels dry, then allow to drain freely. Rotate occasionally for even, symmetrical growth. Pet friendly and non-toxic if ingested.",TRUE,,Tropical Plants;,23f81e_4b9116340b2a4ad5a28f39ac4b0e658e~mv2.jpg
"4"" Silver Sparkle",1110240900,"4""","A Pilea variety with striking silver-brushed, quilted foliage. Thrives in medium to bright indirect light; avoid harsh, direct midday sun. Water when the top inch of soil feels dry, then allow to drain freely. Pet friendly and non-toxic if ingested.",TRUE,,Tropical Plants;,23f81e_554fac545d034e728c82993f0d270646~mv2.jpg
"4"" Pilea - Aluminum",1110241000,"4""","A charming, compact plant with round, coin-shaped or textured leaves that make a fun tabletop accent. Thrives in medium to bright indirect light; avoid harsh, direct midday sun. Water when the top inch of soil feels dry, then allow to drain freely. Rotate occasionally for even, symmetrical growth. Pet friendly and non-toxic if ingested.",TRUE,,Tropical Plants;,23f81e_c61fa9bd7f72492ab8c9043e13549fad~mv2.jpg
"4"" Giant Baby Tears",1110241100,"4""","A lush, spreading groundcover with small, rounded, bright green leaves that trail beautifully over a pot's edge. Thrives in medium to bright indirect light; avoid harsh, direct midday sun. Keep soil evenly moist and never let it dry out completely. Pet friendly and non-toxic if ingested.",FALSE,,Tropical Plants;,23f81e_658c03a76a884393ab1d39c536927590~mv2.jpg
"4"" Pilea - Kiereweed",1110241200,"4""","A charming, compact plant with round, coin-shaped or textured leaves that make a fun tabletop accent. Thrives in medium to bright indirect light; avoid harsh, direct midday sun. Water when the top inch of soil feels dry, then allow to drain freely. Rotate occasionally for even, symmetrical growth. Pet friendly and non-toxic if ingested.",TRUE,,Tropical Plants;,23f81e_e051696e72f5435ebb38681a471b5397~mv2.jpg
"4"" Pilea Birdsnest - Crinkle",1110241500,"4""","A charming, compact plant with round, coin-shaped or textured leaves that make a fun tabletop accent. Thrives in medium to bright indirect light; avoid harsh, direct midday sun. Water when the top inch of soil feels dry, then allow to drain freely. Rotate occasionally for even, symmetrical growth. Pet friendly and non-toxic if ingested.",TRUE,,Tropical Plants;,23f81e_ba678e5f2fbd48cb8a859374f4ff06e1~mv2_d_2427_1820_s_2.jpg
"4"" Sanseveria - Futura Varigated",1110241600,"4""","The classic Snake Plant, prized for its stiff, upright, sculptural leaves and near-indestructible nature. Tolerates low to medium light, making it a forgiving choice for offices and low-light corners. Water sparingly and only once the soil is completely dry; excellent drainage is essential. Tolerates low light and infrequent watering, making it ideal for beginners. Keep away from pets and children, as this plant is toxic if ingested.",TRUE,,Tropical Plants;,23f81e_bb3f0b599aae4184960a8aafe2384a88~mv2.jpg
"4"" Pilea Ellen",1110241700,"4""","A charming, compact plant with round, coin-shaped or textured leaves that make a fun tabletop accent. Thrives in medium to bright indirect light; avoid harsh, direct midday sun. Water when the top inch of soil feels dry, then allow to drain freely. Rotate occasionally for even, symmetrical growth. Pet friendly and non-toxic if ingested.",TRUE,,Tropical Plants;,23f81e_528c44b5ee6e496496ffeaae960169cd~mv2.jpg
"4"" Pilea - Moon Valley",1110241800,"4""","A charming, compact plant with round, coin-shaped or textured leaves that make a fun tabletop accent. Thrives in medium to bright indirect light; avoid harsh, direct midday sun. Water when the top inch of soil feels dry, then allow to drain freely. Rotate occasionally for even, symmetrical growth. Pet friendly and non-toxic if ingested.",TRUE,,Tropical Plants;,23f81e_fed46c6ac85049918eaa4533f2aefb0a~mv2.jpg
"4"" Buddhist Pine - Maki",1110256000,"4""","An upright evergreen with soft, needle-like foliage, popular for bonsai-style training and indoor display. Provide bright, indirect light for best growth and colour. Water when the top inch of soil feels dry, then allow to drain freely. Pet friendly and non-toxic if ingested.",TRUE,,Tropical Plants;,23f81e_59bf84695d194d9a9042b4dcf3870d8b~mv2.jpg
"4"" Ming Aralia - Variegated",1110257900,"4""","A finely textured indoor tree with delicate, lacy, dark green foliage on sculptural stems. Thrives in medium to bright indirect light; avoid harsh, direct midday sun. Water when the top inch of soil feels dry, then allow to drain freely. Pet friendly and non-toxic if ingested.",FALSE,,Tropical Plants;,23f81e_6c949060a0c04f1f9130f6b1ed953257~mv2.jpg
"4"" China Doll",1110265000,"4""","A graceful indoor tree with delicate, glossy, umbrella-like leaflets on fine branches. Provide bright, indirect light for best growth and colour. Water when the top inch of soil feels dry, then allow to drain freely. Dislikes sudden changes in light or temperature, which can cause leaf drop. Pet friendly and non-toxic if ingested.",TRUE,,Tropical Plants;,23f81e_f842e4b442c64ced8a2f7ad6186d61bf~mv2.jpg
"4"" Moses In A Boat - Variegated",1110271100,"4""","A colourful, clumping tropical with purple-and-green boat-shaped leaves, related to Tradescantia. Provide bright, indirect light for best growth and colour. Water when the top inch of soil feels dry, then allow to drain freely. Keep away from pets and children, as this plant is toxic if ingested.",TRUE,,Tropical Plants;,23f81e_0d20c779aa944e8c96c44a3f455d8e7e~mv2.jpg
"4"" Moses In A Boat - Sunny Star",1110271200,"4""","A colourful, clumping tropical with purple-and-green boat-shaped leaves, related to Tradescantia. Provide bright, indirect light for best growth and colour. Water when the top inch of soil feels dry, then allow to drain freely. Keep away from pets and children, as this plant is toxic if ingested.",TRUE,,Tropical Plants;,23f81e_311d6f422d4444919bf91f184557bba6~mv2.jpg
"4"" Snake Plant - Birdsnest",1110280000,"4""","A stiff, upright, sculptural succulent leaf plant that thrives on neglect. Tolerates low to medium light, making it a forgiving choice for offices and low-light corners. Water sparingly and only once the soil is completely dry; excellent drainage is essential. Tolerates low light and infrequent watering, making it ideal for beginners. Keep away from pets and children, as this plant is toxic if ingested.",FALSE,,Tropical Plants;,23f81e_490dde10ff784c97bec9399c13d1d2cc~mv2.jpg
"4"" Snake Plant - Green",1110280200,"4""","A stiff, upright, sculptural succulent leaf plant that thrives on neglect. Tolerates low to medium light, making it a forgiving choice for offices and low-light corners. Water sparingly and only once the soil is completely dry; excellent drainage is essential. Tolerates low light and infrequent watering, making it ideal for beginners. Keep away from pets and children, as this plant is toxic if ingested.",TRUE,,Tropical Plants;,23f81e_583408aed2e9495e89af2b8341f8d4f9~mv2.jpg
"4"" Snake Plant - Moonshine",1110280500,"4""","A stiff, upright, sculptural succulent leaf plant that thrives on neglect. Tolerates low to medium light, making it a forgiving choice for offices and low-light corners. Water sparingly and only once the soil is completely dry; excellent drainage is essential. Tolerates low light and infrequent watering, making it ideal for beginners. Keep away from pets and children, as this plant is toxic if ingested.",TRUE,,Tropical Plants;,23f81e_f2ecb25100594c6388bd94859231be2e~mv2.jpg
"6"" Snake Plant - Green",1110280800,"6""","A stiff, upright, sculptural succulent leaf plant that thrives on neglect. Tolerates low to medium light, making it a forgiving choice for offices and low-light corners. Water sparingly and only once the soil is completely dry; excellent drainage is essential. Tolerates low light and infrequent watering, making it ideal for beginners. Keep away from pets and children, as this plant is toxic if ingested.",TRUE,,Tropical Plants;,23f81e_a8a4060a019e4d16883e452ce1d7a98d~mv2.jpg
"6"" Pampas Grass",1110281200,"6""","A dramatic, large-scale ornamental grass with tall, feathery plumes. Needs full sun (6+ hours of direct light daily) to perform its best. Very drought tolerant once established and needs only occasional watering. Pet friendly and non-toxic if ingested.",TRUE,,Outdoor Items,23f81e_c694589a83024d8683e2e515aa3acccc~mv2.jpg
"4"" Maidenhair Fern",1110281300,"4""","A delicate fern with fine, fan-shaped leaflets on wiry black stems; a touch more particular than most ferns. Thrives in medium to bright indirect light; avoid harsh, direct midday sun. Keep soil evenly moist and never let it dry out completely. Loves humidity and should never be allowed to dry out. Pet friendly and non-toxic if ingested.",TRUE,,Tropical Plants;,23f81e_333cf4155ff74b0b9b2d0dfaa7491f3f~mv2.jpg;23f81e_3f14ff5d93034a10ad8e36e72d36144a~mv2.jpg;23f81e_df62c74ba3ce40e4886b946ddf90b16a~mv2.jpg;23f81e_dd6e0ee1f7b040fb8e990eee49bf0bf1~mv2.jpg;23f81e_4427b9d040004ce0aa373add1b249657~mv2.jpg;23f81e_6c9b9154fb414f4e98271ca2f893e393~mv2.jpg
"4"" Pothos - Golden",1110285000,"4""","A vigorous, trailing vine with heart-shaped, glossy leaves that's nearly impossible to kill. Tolerates low to medium light, making it a forgiving choice for offices and low-light corners. Allow the soil to dry out between waterings; overwatering is the most common cause of trouble. Great for hanging baskets, shelves, or training up a pole. Keep away from pets and children, as this plant is toxic if ingested.",TRUE,,Tropical Plants;,23f81e_9b7e3dd32190440d9b6c84329f7570f5~mv2.jpg
"4"" Pothos - Marble Queen",1110285100,"4""","A vigorous, trailing vine with heart-shaped, glossy leaves that's nearly impossible to kill. Tolerates low to medium light, making it a forgiving choice for offices and low-light corners. Allow the soil to dry out between waterings; overwatering is the most common cause of trouble. Great for hanging baskets, shelves, or training up a pole. Keep away from pets and children, as this plant is toxic if ingested.",TRUE,,Tropical Plants;,23f81e_ab8f3bf432ba458ea72edb061aa9af70~mv2.jpg
"4"" Pothos - Satin",1110285300,"4""","A vigorous, trailing vine with heart-shaped, glossy leaves that's nearly impossible to kill. Tolerates low to medium light, making it a forgiving choice for offices and low-light corners. Allow the soil to dry out between waterings; overwatering is the most common cause of trouble. Great for hanging baskets, shelves, or training up a pole. Keep away from pets and children, as this plant is toxic if ingested.",TRUE,,Tropical Plants;,23f81e_70b0a2d378884c00ae16e944bed9e4de~mv2.jpg
"4"" Pothos - Pearl & Jade",1110285400,"4""","A vigorous, trailing vine with heart-shaped, glossy leaves that's nearly impossible to kill. Tolerates low to medium light, making it a forgiving choice for offices and low-light corners. Allow the soil to dry out between waterings; overwatering is the most common cause of trouble. Great for hanging baskets, shelves, or training up a pole. Keep away from pets and children, as this plant is toxic if ingested.",TRUE,,Tropical Plants;,23f81e_02999768d68546ccb7d008901ad0d8e8~mv2.jpg
"4"" Pothos - Neon",1110285600,"4""","A vigorous, trailing vine with heart-shaped, glossy leaves that's nearly impossible to kill. Tolerates low to medium light, making it a forgiving choice for offices and low-light corners. Allow the soil to dry out between waterings; overwatering is the most common cause of trouble. Great for hanging baskets, shelves, or training up a pole. Keep away from pets and children, as this plant is toxic if ingested.",TRUE,,Tropical Plants;,23f81e_8da2d30632e44ec69cd42d4fc1bec8e7~mv2.jpg
"4"" Club Moss - Green",1110286000,"4""","A fine-textured, moss-like foliage plant that forms a soft, feathery mound. Thrives in medium to bright indirect light; avoid harsh, direct midday sun. Keep soil evenly moist and never let it dry out completely. Pet friendly and non-toxic if ingested.",TRUE,,Tropical Plants;,23f81e_50742e1845924fa68eade3318a390ece~mv2.jpg
"4"" Club Moss - Golden",1110286100,"4""","A fine-textured, moss-like foliage plant that forms a soft, feathery mound. Thrives in medium to bright indirect light; avoid harsh, direct midday sun. Keep soil evenly moist and never let it dry out completely. Pet friendly and non-toxic if ingested.",TRUE,,Tropical Plants;,23f81e_10c434d2ed174da8a3af305763905098~mv2.jpg
"6"" Foxtail Fern",1110286500,"6""","A bold Asparagus Fern relative with dense, upright, bottlebrush-like fronds (not a true fern). Prefers bright light with some direct sun each day. Water when the top inch of soil feels dry, then allow to drain freely. Keep away from pets and children, as this plant is toxic if ingested.",TRUE,,Tropical Plants;,23f81e_fcd03356ae0b49cd9a6685798a9d6578~mv2.jpg
"4"" Peperomia - Happy Bean",1110286600,"4""","A compact, easy-care houseplant with thick, decorative leaves that store water like a succulent. Thrives in medium to bright indirect light; avoid harsh, direct midday sun. Allow the soil to dry out between waterings; overwatering is the most common cause of trouble. Pet friendly and non-toxic if ingested.",TRUE,,Tropical Plants;,23f81e_0169eaf2fe6747a2abd74c20fab0655b~mv2.jpg
"4"" String of Pearls",1110287000,"4""","A whimsical trailing succulent with round, bead-like leaves cascading down long, thin stems. Provide bright, indirect light for best growth and colour. Water sparingly and only once the soil is completely dry; excellent drainage is essential. Keep away from pets and children, as this plant is toxic if ingested.",TRUE,,Tropical Plants;,23f81e_50c4947bc63743ccbab89aaafcc97131~mv2.jpg
"4"" Wax Ivy - Green",1110287100,"4""","A trailing succulent vine (Senecio/Peperomia type) with thick, glossy, waxy leaves. Provide bright, indirect light for best growth and colour. Allow the soil to dry out between waterings; overwatering is the most common cause of trouble. Pet friendly and non-toxic if ingested.",TRUE,,Tropical Plants;,23f81e_e216c1e8cc694088ac08f2de3dc44d4a~mv2.jpg
"4"" Wax Ivy - Variegated",1110287300,"4""","A trailing succulent vine (Senecio/Peperomia type) with thick, glossy, waxy leaves. Provide bright, indirect light for best growth and colour. Allow the soil to dry out between waterings; overwatering is the most common cause of trouble. Pet friendly and non-toxic if ingested.",TRUE,,Tropical Plants;,23f81e_25ce87a3d051443ea98713cd343f7716~mv2.jpg
"4"" String of Dolphins",1110288000,"4""","A fun trailing succulent whose plump leaves are shaped uncannily like tiny leaping dolphins. Provide bright, indirect light for best growth and colour. Water sparingly and only once the soil is completely dry; excellent drainage is essential. Keep away from pets and children, as this plant is toxic if ingested.",TRUE,,Tropical Plants;,23f81e_5e0f53d6e4eb4c86b01e9d755f0ab68f~mv2.jpg
"4"" Peace Lily",1110291100,"4""","A graceful, air-purifying favourite with glossy, dark green leaves and elegant white blooms. Tolerates low to medium light, making it a forgiving choice for offices and low-light corners. Keep soil evenly moist and never let it dry out completely. Leaves droop dramatically when thirsty and perk back up quickly after watering. Keep away from pets and children, as this plant is toxic if ingested.",FALSE,,Tropical Plants;,23f81e_e48be0a0ac6d48d7a51f6a8cc1a272d0~mv2.jpg
"4"" Persian Shield",1110292000,"4""","A striking foliage plant with iridescent, shimmering purple leaves. Provide bright, indirect light for best growth and colour. Water when the top inch of soil feels dry, then allow to drain freely. Pet friendly and non-toxic if ingested.",TRUE,,Tropical Plants;,23f81e_1eb53c27b5e643de872ef56a7139244c~mv2.jpg
"4"" Nephthytis - Merry Maria",1110295300,"4""","Also known as Arrowhead Plant (Syngonium), grown for its arrow-shaped leaves in a range of colourful patterns. Thrives in medium to bright indirect light; avoid harsh, direct midday sun. Water when the top inch of soil feels dry, then allow to drain freely. Its climbing habit can be trained onto a pole or left to trail. Keep away from pets and children, as this plant is toxic if ingested.",TRUE,,Tropical Plants;,23f81e_2974b85c2c744408af0da8a74b9a7cf5~mv2.jpg
"4"" Nephthytis - Moonshine",1110295500,"4""","Also known as Arrowhead Plant (Syngonium), grown for its arrow-shaped leaves in a range of colourful patterns. Thrives in medium to bright indirect light; avoid harsh, direct midday sun. Water when the top inch of soil feels dry, then allow to drain freely. Its climbing habit can be trained onto a pole or left to trail. Keep away from pets and children, as this plant is toxic if ingested.",TRUE,,Tropical Plants;,23f81e_75c20500ea93425da15aa559ec93ee55~mv2.jpg
"4"" Nephthytis - Glo Go",1110295600,"4""","Also known as Arrowhead Plant (Syngonium), grown for its arrow-shaped leaves in a range of colourful patterns. Thrives in medium to bright indirect light; avoid harsh, direct midday sun. Water when the top inch of soil feels dry, then allow to drain freely. Its climbing habit can be trained onto a pole or left to trail. Keep away from pets and children, as this plant is toxic if ingested.",TRUE,,Tropical Plants;,23f81e_f789bf33bdf54fa99f38ccae8f54a3f0~mv2.jpg
"4"" Nephthytis - Strawberry/Cream",1110295800,"4""","Also known as Arrowhead Plant (Syngonium), grown for its arrow-shaped leaves in a range of colourful patterns. Thrives in medium to bright indirect light; avoid harsh, direct midday sun. Water when the top inch of soil feels dry, then allow to drain freely. Its climbing habit can be trained onto a pole or left to trail. Keep away from pets and children, as this plant is toxic if ingested.",TRUE,,Tropical Plants;,23f81e_19c710e06cd74918a749dee901a4e18c~mv2.jpg
"4"" Nephthytis - Kiwi",1110296100,"4""","Also known as Arrowhead Plant (Syngonium), grown for its arrow-shaped leaves in a range of colourful patterns. Thrives in medium to bright indirect light; avoid harsh, direct midday sun. Water when the top inch of soil feels dry, then allow to drain freely. Its climbing habit can be trained onto a pole or left to trail. Keep away from pets and children, as this plant is toxic if ingested.",TRUE,,Tropical Plants;,23f81e_8400a5cc44004e60a247e549d5420362~mv2.jpg
"4"" Nephthytis - Butterfly - White",1110296300,"4""","Also known as Arrowhead Plant (Syngonium), grown for its arrow-shaped leaves in a range of colourful patterns. Thrives in medium to bright indirect light; avoid harsh, direct midday sun. Water when the top inch of soil feels dry, then allow to drain freely. Its climbing habit can be trained onto a pole or left to trail. Keep away from pets and children, as this plant is toxic if ingested.",TRUE,,Tropical Plants;,23f81e_a023b142056847b39dbebfbc245cd019~mv2.jpg
"4"" Nephthytis - Holly",1110296500,"4""","Also known as Arrowhead Plant (Syngonium), grown for its arrow-shaped leaves in a range of colourful patterns. Thrives in medium to bright indirect light; avoid harsh, direct midday sun. Water when the top inch of soil feels dry, then allow to drain freely. Its climbing habit can be trained onto a pole or left to trail. Keep away from pets and children, as this plant is toxic if ingested.",TRUE,,Tropical Plants;,23f81e_503431d6495c4ef79b62fff63d967172~mv2.jpg
"4"" Nephthytis - CandyBerry",1110296600,"4""","Also known as Arrowhead Plant (Syngonium), grown for its arrow-shaped leaves in a range of colourful patterns. Thrives in medium to bright indirect light; avoid harsh, direct midday sun. Water when the top inch of soil feels dry, then allow to drain freely. Its climbing habit can be trained onto a pole or left to trail. Keep away from pets and children, as this plant is toxic if ingested.",TRUE,,Tropical Plants;,23f81e_998bd50276b3421ba6d21a03c14f2454~mv2.jpg
"4"" Tradescantia - Purple Heart",1110297400,"4""","A colourful, fast-growing trailing plant with striped or solid purple, green, or silver foliage. Provide bright, indirect light for best growth and colour. Water when the top inch of soil feels dry, then allow to drain freely. Pinch back regularly to keep it full and bushy. Keep away from pets and children, as this plant is toxic if ingested.",TRUE,,Tropical Plants;,23f81e_6308566081bf4ddf86363c98986608b5~mv2.jpg
"4"" Tradescantia - Nanouk",1110311300,"4""","A colourful, fast-growing trailing plant with striped or solid purple, green, or silver foliage. Provide bright, indirect light for best growth and colour. Water when the top inch of soil feels dry, then allow to drain freely. Pinch back regularly to keep it full and bushy. Keep away from pets and children, as this plant is toxic if ingested.",TRUE,,Tropical Plants;,23f81e_4fa53d353fb147118f423ca708313b16~mv2.jpg
"4"" Chain Plant - Navicularis",1110311600,"4""","A trailing succulent with small, bead-like or heart-shaped leaves strung along thin stems. Provide bright, indirect light for best growth and colour. Allow the soil to dry out between waterings; overwatering is the most common cause of trouble. Pet friendly and non-toxic if ingested.",TRUE,,Tropical Plants;,23f81e_c4b9948d6ecf4dde8b8623eb9769b43c~mv2.jpg
"6"" Tropicals - Assorted",1115000000,"6""","A curated mix of easy-care tropical foliage plants, offering varied textures and colours for indoor greenery. Thrives in medium to bright indirect light; avoid harsh, direct midday sun. Water when the top inch of soil feels dry, then allow to drain freely.",TRUE,,Tropical Plants;,23f81e_fe6a9696d3b7478caae4d4d0b050f0d2~mv2.jpg
"4"" Alocasia - Silver Dragon",1115009300,"4""","A striking tropical statement plant with bold, arrow- or heart-shaped leaves and dramatic veining. Provide bright, indirect light for best growth and colour. Prefers consistently moist soil and appreciates higher humidity. Appreciates warmth and higher humidity; may go semi-dormant in low light or cool conditions. Keep away from pets and children, as this plant is toxic if ingested.",TRUE,,Tropical Plants;,23f81e_35cb87a6d2ba4565bf788eb853ba4a86~mv2.jpg
"6"" Alocasia - Silver Dragon",1115009300,"6""","A striking tropical statement plant with bold, arrow- or heart-shaped leaves and dramatic veining. Provide bright, indirect light for best growth and colour. Prefers consistently moist soil and appreciates higher humidity. Appreciates warmth and higher humidity; may go semi-dormant in low light or cool conditions. Keep away from pets and children, as this plant is toxic if ingested.",TRUE,,Tropical Plants;,23f81e_a4a3ba3ef2fa495bbfc49b8b566c14ce~mv2.jpg
"6"" Norfolk Island Pine",1115013000,"6""","A soft, symmetrical evergreen with tiered branches, traditionally used as a living holiday tree. Provide bright, indirect light for best growth and colour. Water when the top inch of soil feels dry, then allow to drain freely. Prefers steady humidity and dislikes hot, dry indoor air. Pet friendly and non-toxic if ingested.",TRUE,,Christmas,23f81e_92e42f0181744f88abb052004231980a~mv2.jpg
"6"" Calathea",1115028000,"6""","A striking Prayer Plant relative grown for its boldly patterned, richly coloured foliage. Thrives in medium to bright indirect light; avoid harsh, direct midday sun. Prefers consistently moist soil and appreciates higher humidity. Leaves fold up at night; prefers filtered water and higher humidity to prevent crispy edges. Pet friendly and non-toxic if ingested.",TRUE,,Tropical Plants;,23f81e_3b9958138e3e48af81c26f69106c2079~mv2.jpg;23f81e_3e7a174f9da24fcb85eeff9f1c559e77~mv2_d_6000_4000_s_4_2.jpg;23f81e_34f42a2e6f9f4afb9bfa7ce0553dd47c~mv2_d_2432_1667_s_2.jpg
"6"" Croton - Petra",1115040800,"6""","A vibrant, sun-loving foliage plant with bold, multicoloured leaves in shades of red, orange, and yellow. Prefers bright light with some direct sun each day. Water when the top inch of soil feels dry, then allow to drain freely. Needs good light to maintain its brightest colours. Keep away from pets and children, as this plant is toxic if ingested.",TRUE,,Tropical Plants;,23f81e_568ea52291764eff840c720aeb64de9a~mv2.jpg
"6"" Chinese Evergreen - Red",1115047000,"6""","A tough, colourful foliage plant valued for its patterned leaves and ability to thrive indoors with minimal fuss. Tolerates low to medium light, making it a forgiving choice for offices and low-light corners. Allow the soil to dry out between waterings; overwatering is the most common cause of trouble. Keep away from pets and children, as this plant is toxic if ingested.",FALSE,,Tropical Plants;,23f81e_d3bd72abb6d34c3ca25cd935962409a1~mv2.jpg
"6"" Dieffenbachia Perfection",1115060200,"6""","A classic tropical foliage plant with large, boldly patterned cream-and-green leaves. Thrives in medium to bright indirect light; avoid harsh, direct midday sun. Water when the top inch of soil feels dry, then allow to drain freely. Keep away from pets and children, as this plant is toxic if ingested.",TRUE,,Tropical Plants;,23f81e_f8c3ba05fd9a4f98be0af0fc0da39968~mv2_d_2667_2000_s_2.jpg
"6"" Dieffenbachia - Camille",1115060300,"6""","A classic tropical foliage plant with large, boldly patterned cream-and-green leaves. Thrives in medium to bright indirect light; avoid harsh, direct midday sun. Water when the top inch of soil feels dry, then allow to drain freely. Keep away from pets and children, as this plant is toxic if ingested.",TRUE,,Tropical Plants;,23f81e_5b5773e654b04ae3b2e0459d9ff343ba~mv2_d_2667_2000_s_2.jpg
"6"" Ribbon Plant",1115068500,"6""","A Dracaena variety grown for its gracefully arching, ribbon-like variegated leaves. Tolerates low to medium light, making it a forgiving choice for offices and low-light corners. Allow the soil to dry out between waterings; overwatering is the most common cause of trouble. Keep away from pets and children, as this plant is toxic if ingested.",FALSE,,Tropical Plants;,23f81e_3673565796824809892c1508be5174a6~mv2_d_3000_2250_s_2.jpg
"6"" Lavender - Stoechas",1115071100,"6""","A fragrant, drought-tolerant perennial with silvery foliage and spikes of aromatic purple flowers. Needs full sun (6+ hours of direct light daily) to perform its best. Very drought tolerant once established and needs only occasional watering. Pet friendly and non-toxic if ingested.",TRUE,,Outdoor Items,23f81e_771b4ab81b8f4924a3c55630b923b928~mv2.jpg;23f81e_39e51be773eb44e58cc3a429db751f1c~mv2.jpg
"6"" Ficus Decora Burgundy",1115083500,"6""","A popular indoor tree or trailing vine with glossy foliage that makes a bold architectural statement. Provide bright, indirect light for best growth and colour. Water when the top inch of soil feels dry, then allow to drain freely. Dislikes being moved and may drop a few leaves while adjusting to a new spot. Keep away from pets and children, as this plant is toxic if ingested.",TRUE,,Tropical Plants;,23f81e_c27ff0fa9dec4b00b9c4e2a075cdd8db~mv2.jpg
"6"" Ficus Weeping Fig - Bush",1115084100,"6""","A classic indoor tree with slender, arching branches and glossy, dark green leaves. Provide bright, indirect light for best growth and colour. Water when the top inch of soil feels dry, then allow to drain freely. Keep it in a consistent spot, as it is sensitive to changes in light and drafts. Keep away from pets and children, as this plant is toxic if ingested.",TRUE,,Tropical Plants;,23f81e_703bd3a116134085835edaf47baa52d6~mv2_d_2667_2000_s_2.jpg
"6"" Mini Ficus Lyrata",1115084800,"6""","A popular indoor tree or trailing vine with glossy foliage that makes a bold architectural statement. Provide bright, indirect light for best growth and colour. Water when the top inch of soil feels dry, then allow to drain freely. Dislikes being moved and may drop a few leaves while adjusting to a new spot. Keep away from pets and children, as this plant is toxic if ingested.",TRUE,,Tropical Plants;,23f81e_13db27ed9e31466d8ebb5bbbf08a54a5~mv2.jpg
"6"" Ficus - Weeping Fig - Zig-Zag",1115086800,"6""","A classic indoor tree with slender, arching branches and glossy, dark green leaves. Provide bright, indirect light for best growth and colour. Water when the top inch of soil feels dry, then allow to drain freely. Keep it in a consistent spot, as it is sensitive to changes in light and drafts. Keep away from pets and children, as this plant is toxic if ingested.",TRUE,,Tropical Plants;,23f81e_b0998acd496c44e198a75894380a5f27~mv2_d_2575_1931_s_2.jpg
"6"" Umbrella Tree - Scheff Hawaiian",1115111000,"6""","A fast-growing indoor tree with glossy leaflets arranged like the spokes of an umbrella. Thrives in medium to bright indirect light; avoid harsh, direct midday sun. Water when the top inch of soil feels dry, then allow to drain freely. Pet friendly and non-toxic if ingested.",FALSE,,Tropical Plants;,23f81e_b863907fbb7e4f87a3bb42052c6f5d22~mv2_d_2957_2218_s_2.jpg
"6"" Sweet Bay Tree",1115130700,"6""","A classic culinary and ornamental evergreen shrub, trained here into a neat topiary form. Needs full sun (6+ hours of direct light daily) to perform its best. Water when the top inch of soil feels dry, then allow to drain freely. Pet friendly and non-toxic if ingested.",TRUE,,Outdoor Items,23f81e_8d77e8c30d484b77ac2a719a69264365~mv2.jpg
"6"" Banana",1115173000,"6""","A fast-growing, dramatic tropical plant with huge, paddle-shaped leaves for an instant jungle feel. Prefers bright light with some direct sun each day. Keep soil evenly moist and never let it dry out completely. Pet friendly and non-toxic if ingested.",TRUE,,Tropical Plants;,23f81e_4823179fc26841baaad86db4d0381a58~mv2_d_3776_3380_s_4_2.jpg
"6"" Money Tree - Braid",1115179000,"6""","A popular houseplant with a braided trunk and glossy, umbrella-like leaflets, said to bring good fortune. Thrives in medium to bright indirect light; avoid harsh, direct midday sun. Allow the soil to dry out between waterings; overwatering is the most common cause of trouble. Pet friendly and non-toxic if ingested.",TRUE,,Tropical Plants;,23f81e_615b9e41d1784e4b879e647935f1c4a8~mv2.jpg
"6"" Blood Banana",1115280200,"6""",A striking banana variety with bold green leaves marked in deep burgundy-red. Prefers bright light with some direct sun each day. Keep soil evenly moist and never let it dry out completely. Pet friendly and non-toxic if ingested.,TRUE,,Tropical Plants;,23f81e_63d9aa9a3bac40538982ae7b7fffe3c8~mv2.jpg
"6"" Snake Plant - Futura Robusta",1115280800,"6""","A stiff, upright, sculptural succulent leaf plant that thrives on neglect. Tolerates low to medium light, making it a forgiving choice for offices and low-light corners. Water sparingly and only once the soil is completely dry; excellent drainage is essential. Tolerates low light and infrequent watering, making it ideal for beginners. Keep away from pets and children, as this plant is toxic if ingested.",TRUE,,Tropical Plants;,23f81e_ccddcaffbf814adc96d507a20bcb8345~mv2.jpg
"6"" Peace Lily - Flowering",1115291100,"6""","A graceful, air-purifying favourite with glossy, dark green leaves and elegant white blooms. Tolerates low to medium light, making it a forgiving choice for offices and low-light corners. Keep soil evenly moist and never let it dry out completely. Leaves droop dramatically when thirsty and perk back up quickly after watering. Keep away from pets and children, as this plant is toxic if ingested.",TRUE,,Indoor Flowering,23f81e_eabe37d346c0436b8a28c4570b7e55da~mv2.jpg;23f81e_46e07c2597924a7a9a2cdea3652ccb73~mv2.jpg
"6"" Peace Lily - Domino",1115291300,"6""","A graceful, air-purifying favourite with glossy, dark green leaves and elegant white blooms. Tolerates low to medium light, making it a forgiving choice for offices and low-light corners. Keep soil evenly moist and never let it dry out completely. Leaves droop dramatically when thirsty and perk back up quickly after watering. Keep away from pets and children, as this plant is toxic if ingested.",TRUE,,Tropical Plants;,23f81e_97d4cbbc77434b80b98a43949c6f9e4e~mv2.jpg
"6"" Zamioculas",1115340000,"6""","An extremely low-maintenance plant with glossy, waxy leaflets on upright stems. Tolerates low to medium light, making it a forgiving choice for offices and low-light corners. Water sparingly and only once the soil is completely dry; excellent drainage is essential. Stores water in its rhizomes, so it easily tolerates neglect. Keep away from pets and children, as this plant is toxic if ingested.",TRUE,,Tropical Plants;,23f81e_7d1741df4b7c4702bac7f00444b45dd0~mv2.jpg
1gal Codyline Southern Splendor,1118071500,"4""","A bold, architectural plant with strappy, colourful foliage that adds instant drama to patios and beds. Needs full sun (6+ hours of direct light daily) to perform its best. Water when the top inch of soil feels dry, then allow to drain freely. Pet friendly and non-toxic if ingested.",FALSE,,Outdoor Items,23f81e_23b02d755367406aa2cc861c641977b6~mv2.jpg
"8"" Tropicals - Assortment",1120000000,"8""","A curated mix of easy-care tropical foliage plants, offering varied textures and colours for indoor greenery. Thrives in medium to bright indirect light; avoid harsh, direct midday sun. Water when the top inch of soil feels dry, then allow to drain freely.",FALSE,,Tropical Plants;,23f81e_69006db8dc4049cfae5ee7f58c1a6702~mv2.jpg
"8"" Chinese Evergreen - Silver Bay",1120006200,"8""","A tough, colourful foliage plant valued for its patterned leaves and ability to thrive indoors with minimal fuss. Tolerates low to medium light, making it a forgiving choice for offices and low-light corners. Allow the soil to dry out between waterings; overwatering is the most common cause of trouble. Keep away from pets and children, as this plant is toxic if ingested.",TRUE,,Tropical Plants;,23f81e_1e080a318b01491f881788d441c238a4~mv2_d_2958_2218_s_2.jpg
"8"" Norfolk Island Pine",1120013000,"8""","A soft, symmetrical evergreen with tiered branches, traditionally used as a living holiday tree. Provide bright, indirect light for best growth and colour. Water when the top inch of soil feels dry, then allow to drain freely. Prefers steady humidity and dislikes hot, dry indoor air. Pet friendly and non-toxic if ingested.",TRUE,,Christmas,23f81e_2ef3660375ba4c4495cb7562df9e0228~mv2.jpg;23f81e_b9fa4dcadb0d45bf8de1b9f4e3512c26~mv2.jpg
"8"" Ficus - Weeping Fig / Bush - Variegated",1120040000,"8""","A classic indoor tree with slender, arching branches and glossy, dark green leaves. Provide bright, indirect light for best growth and colour. Water when the top inch of soil feels dry, then allow to drain freely. Keep it in a consistent spot, as it is sensitive to changes in light and drafts. Keep away from pets and children, as this plant is toxic if ingested.",TRUE,,Tropical Plants;,23f81e_d0239408a09d440e9ce983f1b83b6d4c~mv2.jpg
"8"" Lily - Turf - Liriope",1120040900,"8""","Also called Lily Turf, a tough, grass-like perennial with arching foliage and spikes of small flowers. Grows best in part sun to light shade. Water when the top inch of soil feels dry, then allow to drain freely. Pet friendly and non-toxic if ingested.",TRUE,,Tropical Plants;,23f81e_6ca527ca0f6e4d29aa29494faaefc286~mv2.jpg
"8"" Dracaena - Ray of Sunshine Cane",1120067100,"8""","An architectural, easy-care foliage plant with strappy or cane-style growth, ideal for adding height indoors. Tolerates low to medium light, making it a forgiving choice for offices and low-light corners. Allow the soil to dry out between waterings; overwatering is the most common cause of trouble. Keep away from pets and children, as this plant is toxic if ingested.",FALSE,,Tropical Plants;,23f81e_c897523fe0b84091867a3600a1cb24a0~mv2_d_3000_2250_s_2.jpg
"8"" Dracaena Janet Craig -Carmen",1120067500,"8""","An architectural, easy-care foliage plant with strappy or cane-style growth, ideal for adding height indoors. Tolerates low to medium light, making it a forgiving choice for offices and low-light corners. Allow the soil to dry out between waterings; overwatering is the most common cause of trouble. Keep away from pets and children, as this plant is toxic if ingested.",FALSE,,Tropical Plants;,23f81e_2cf441764dff4b99aa290bfb8f3cc3f1~mv2_d_2667_2000_s_2.jpg
"2"" Sanseveria Mikado",1120069600,"2""","The classic Snake Plant, prized for its stiff, upright, sculptural leaves and near-indestructible nature. Tolerates low to medium light, making it a forgiving choice for offices and low-light corners. Water sparingly and only once the soil is completely dry; excellent drainage is essential. Tolerates low light and infrequent watering, making it ideal for beginners. Keep away from pets and children, as this plant is toxic if ingested.",FALSE,,Tropical Plants;,23f81e_5c6c3a68434148ab9a6224f4cc4668bf~mv2.jpg
"8"" Ficus - Weeping Fig / Bush",1120084100,"8""","A classic indoor tree with slender, arching branches and glossy, dark green leaves. Provide bright, indirect light for best growth and colour. Water when the top inch of soil feels dry, then allow to drain freely. Keep it in a consistent spot, as it is sensitive to changes in light and drafts. Keep away from pets and children, as this plant is toxic if ingested.",TRUE,,Tropical Plants;,23f81e_961d807964f142eeaa74728eb172fb94~mv2_d_2935_2201_s_2.jpg
"4"" Snake Plant - Fernwood",1120085300,"4""","A stiff, upright, sculptural succulent leaf plant that thrives on neglect. Tolerates low to medium light, making it a forgiving choice for offices and low-light corners. Water sparingly and only once the soil is completely dry; excellent drainage is essential. Tolerates low light and infrequent watering, making it ideal for beginners. Keep away from pets and children, as this plant is toxic if ingested.",TRUE,,Tropical Plants;,23f81e_d473a365f227422e9300edc62e3fc845~mv2.jpg
1gal Cordyline - Red Star,1120133000,1gal,"A bold, architectural plant with strappy, colourful foliage that adds instant drama to patios and beds. Needs full sun (6+ hours of direct light daily) to perform its best. Water when the top inch of soil feels dry, then allow to drain freely. Pet friendly and non-toxic if ingested.",TRUE,,Outdoor Items,23f81e_0504e50f2fd04d2b840ed8a551c0b51b~mv2.jpg
"8"" Aralia - Ming Stump",1120258000,"8""","An elegant foliage plant with finely divided, lacy leaves that bring texture to any indoor collection. Thrives in medium to bright indirect light; avoid harsh, direct midday sun. Water when the top inch of soil feels dry, then allow to drain freely. Pet friendly and non-toxic if ingested.",FALSE,,Tropical Plants;,23f81e_3a7b90eb0d8a47adbb329b64d8243881~mv2_d_2667_2000_s_2.jpg
"8"" Peace Lily - Viscount",1120291500,"8""","A graceful, air-purifying favourite with glossy, dark green leaves and elegant white blooms. Tolerates low to medium light, making it a forgiving choice for offices and low-light corners. Keep soil evenly moist and never let it dry out completely. Leaves droop dramatically when thirsty and perk back up quickly after watering. Keep away from pets and children, as this plant is toxic if ingested.",FALSE,,Tropical Plants;,23f81e_a3bc5a2b6a854c2cbab304e526a45b67~mv2_d_2667_2000_s_2.jpg
"8"" Peace Lily - Compacto",1120292100,"8""","A graceful, air-purifying favourite with glossy, dark green leaves and elegant white blooms. Tolerates low to medium light, making it a forgiving choice for offices and low-light corners. Keep soil evenly moist and never let it dry out completely. Leaves droop dramatically when thirsty and perk back up quickly after watering. Keep away from pets and children, as this plant is toxic if ingested.",FALSE,,Tropical Plants;,23f81e_97361d95621148bbb3f23266f0b95e68~mv2_d_2667_2000_s_2.jpg
"8"" Zamioculcas",1120340000,"8""","Commonly known as the ZZ Plant, an extremely low-maintenance plant with glossy, waxy leaflets on upright stems. Tolerates low to medium light, making it a forgiving choice for offices and low-light corners. Water sparingly and only once the soil is completely dry; excellent drainage is essential. Stores water in its rhizomes, so it easily tolerates neglect. Keep away from pets and children, as this plant is toxic if ingested.",TRUE,,Tropical Plants;,23f81e_d9d9b911761a42e0a9d95f8cdb1118db~mv2.jpg
"8"" Croton - Gold Dust",1213456015,"8""","A vibrant, sun-loving foliage plant with bold, multicoloured leaves in shades of red, orange, and yellow. Prefers bright light with some direct sun each day. Water when the top inch of soil feels dry, then allow to drain freely. Needs good light to maintain its brightest colours. Keep away from pets and children, as this plant is toxic if ingested.",FALSE,,Tropical Plants;,23f81e_3e2ebae051fd4bc1a10be4abdb92b4e8~mv2.jpg
"4"" Dracaena - Marginata Cane",1310068700,"4""","An architectural, easy-care foliage plant with strappy or cane-style growth, ideal for adding height indoors. Tolerates low to medium light, making it a forgiving choice for offices and low-light corners. Allow the soil to dry out between waterings; overwatering is the most common cause of trouble. Keep away from pets and children, as this plant is toxic if ingested.",FALSE,,Tropical Plants;,23f81e_38d30e1e427c44aeb3944bd1cab5224c~mv2.jpg
"4"" Peace Lily - Flowering",1310209800,"4""","A graceful, air-purifying favourite with glossy, dark green leaves and elegant white blooms. Tolerates low to medium light, making it a forgiving choice for offices and low-light corners. Keep soil evenly moist and never let it dry out completely. Leaves droop dramatically when thirsty and perk back up quickly after watering. Keep away from pets and children, as this plant is toxic if ingested.",TRUE,,Indoor Flowering,23f81e_8445c2688e294b378e331536c7658df8~mv2.jpg
"4"" Purple Fountain Grass",1315000500,"4""","An ornamental grass with graceful, arching burgundy foliage and soft, plume-like seed heads. Needs full sun (6+ hours of direct light daily) to perform its best. Water when the top inch of soil feels dry, then allow to drain freely. Pet friendly and non-toxic if ingested.",TRUE,,Outdoor Items,23f81e_ba9ecd3ac7ab4365b74423b2c547ecf7~mv2.jpg
"6"" Lipstick - Black Pagoda H.B.",2115003100,"6""","A charming trailing plant named for its tubular red or coral flowers that emerge from dark, lipstick-tube-like buds. Provide bright, indirect light for best growth and colour. Water when the top inch of soil feels dry, then allow to drain freely. Pet friendly and non-toxic if ingested. Grown and shaped for hanging basket display.",TRUE,,Tropical Plants;,23f81e_188e391ce2d148398275687375be60ad~mv2.jpg
"6"" Lipstick - Myra H.B.",2115003300,"6""","A charming trailing plant named for its tubular red or coral flowers that emerge from dark, lipstick-tube-like buds. Provide bright, indirect light for best growth and colour. Water when the top inch of soil feels dry, then allow to drain freely. Pet friendly and non-toxic if ingested. Grown and shaped for hanging basket display.",TRUE,,Tropical Plants;,23f81e_10e7dddeca304f6abd9098342eb60d75~mv2.jpg
"6"" Lipstick - Mona Lisa H.B.",2115003800,"6""","A charming trailing plant named for its tubular red or coral flowers that emerge from dark, lipstick-tube-like buds. Provide bright, indirect light for best growth and colour. Water when the top inch of soil feels dry, then allow to drain freely. Pet friendly and non-toxic if ingested. Grown and shaped for hanging basket display.",TRUE,,Tropical Plants;,23f81e_45ead25bc78e49799b631903a04fbebc~mv2.jpg
"6"" Lipstick - Anteres H.B",2115004000,"6""","A charming trailing plant named for its tubular red or coral flowers that emerge from dark, lipstick-tube-like buds. Provide bright, indirect light for best growth and colour. Water when the top inch of soil feels dry, then allow to drain freely. Pet friendly and non-toxic if ingested. Grown and shaped for hanging basket display.",TRUE,,Tropical Plants;,23f81e_0629b0d9409c48eba0a680a620696a90~mv2.jpg
"6"" Bridal Veil H.B.",2115018500,"6""","A dainty, airy trailing plant (Tradescantia) with small green leaves and delicate white flowers. Provide bright, indirect light for best growth and colour. Water when the top inch of soil feels dry, then allow to drain freely. Keep away from pets and children, as this plant is toxic if ingested. Grown and shaped for hanging basket display.",TRUE,,Tropical Plants;,
"6"" Spider - Variegated H.B.",2115034100,"6""","A classic, easy-care houseplant with arching, striped foliage and dangling plantlets on long runners. Thrives in medium to bright indirect light; avoid harsh, direct midday sun. Water when the top inch of soil feels dry, then allow to drain freely. One of the most forgiving houseplants and a great choice for beginners. Pet friendly and non-toxic if ingested. Grown and shaped for hanging basket display.",TRUE,,Tropical Plants;,23f81e_830a8e5c31fb4108b8087bfa202a7d38~mv2.jpg
"6"" Spider - Green H.B.",2115034500,"6""","A classic, easy-care houseplant with arching, striped foliage and dangling plantlets on long runners. Thrives in medium to bright indirect light; avoid harsh, direct midday sun. Water when the top inch of soil feels dry, then allow to drain freely. One of the most forgiving houseplants and a great choice for beginners. Pet friendly and non-toxic if ingested. Grown and shaped for hanging basket display.",TRUE,,Tropical Plants;,23f81e_979d748822cb4e39a9ca89af68414e11~mv2.jpg
"6"" Spider - Curly Sue H.B",2115034600,"6""","A classic, easy-care houseplant with arching, striped foliage and dangling plantlets on long runners. Thrives in medium to bright indirect light; avoid harsh, direct midday sun. Water when the top inch of soil feels dry, then allow to drain freely. One of the most forgiving houseplants and a great choice for beginners. Pet friendly and non-toxic if ingested. Grown and shaped for hanging basket display.",TRUE,,Tropical Plants;,23f81e_2357c283d57243a2b57607a2c2a5bfa1~mv2.jpg
"6"" Ivy - Danish H.B.",2115036200,"6""","A trailing vine with small, glossy, deeply lobed leaves that cascade attractively from a pot or basket. Thrives in medium to bright indirect light; avoid harsh, direct midday sun. Water when the top inch of soil feels dry, then allow to drain freely. Keep away from pets and children, as this plant is toxic if ingested. Grown and shaped for hanging basket display.",TRUE,,Tropical Plants;,23f81e_ed69305921224e21bdc328a4cc19e0f9~mv2.jpg
"6"" Hoya Pubicalyx H.B",2115118000,"6""","A semi-succulent flowering vine with thick, waxy leaves and clusters of star-shaped, often fragrant blooms. Provide bright, indirect light for best growth and colour. Allow the soil to dry out between waterings; overwatering is the most common cause of trouble. Let it dry out between waterings and don't be tempted to repot too often; hoyas bloom best when slightly root-bound. Pet friendly and non-toxic if ingested. Grown and shaped for hanging basket display.",TRUE,,Tropical Plants;,23f81e_2f9f839f02fa44d795efcabf3d5abfb6~mv2.jpg
"6"" Red Maranta H.B",2115155100,"6""","The classic Prayer Plant, named for the way its patterned leaves fold upward at night like praying hands. Thrives in medium to bright indirect light; avoid harsh, direct midday sun. Prefers consistently moist soil and appreciates higher humidity. Pet friendly and non-toxic if ingested. Grown and shaped for hanging basket display.",TRUE,,Tropical Plants;,23f81e_a928cf19be544ca98478edb1f7266d87~mv2.jpg
"6"" Hypocerta - Goldfish H.B.",2115178000,"6""","A fun flowering trailing plant whose bright orange, tubular blooms resemble tiny leaping goldfish. Provide bright, indirect light for best growth and colour. Water when the top inch of soil feels dry, then allow to drain freely. Pet friendly and non-toxic if ingested. Grown and shaped for hanging basket display.",TRUE,,Tropical Plants;,23f81e_68a7c4ad4a9543a4b85a68882541f96d~mv2.jpg
"6"" Lipstick - Red Leaf H.B.",2115178100,"6""","A charming trailing plant named for its tubular red or coral flowers that emerge from dark, lipstick-tube-like buds. Provide bright, indirect light for best growth and colour. Water when the top inch of soil feels dry, then allow to drain freely. Pet friendly and non-toxic if ingested. Grown and shaped for hanging basket display.",TRUE,,Tropical Plants;,23f81e_10b494eacb034e878e50d3c194fbe957~mv2.jpg
"6"" Sugarvine H.B.",2115179200,"6""","A charming trailing plant with small, glossy, ivy-like leaflets and a cheerful, bushy habit. Thrives in medium to bright indirect light; avoid harsh, direct midday sun. Water when the top inch of soil feels dry, then allow to drain freely. Pet friendly and non-toxic if ingested. Grown and shaped for hanging basket display.",TRUE,,Tropical Plants;,23f81e_55670aabe2044714995427ecedb5b4c7~mv2.jpg
"6"" Hoya - Australis Grande H.B.",2115181500,"6""","A semi-succulent flowering vine with thick, waxy leaves and clusters of star-shaped, often fragrant blooms. Provide bright, indirect light for best growth and colour. Allow the soil to dry out between waterings; overwatering is the most common cause of trouble. Let it dry out between waterings and don't be tempted to repot too often; hoyas bloom best when slightly root-bound. Pet friendly and non-toxic if ingested. Grown and shaped for hanging basket display.",TRUE,,Tropical Plants;,23f81e_c3dbe8ecd25f442888e8930bd48d0dbf~mv2.jpg
"6"" Hoya Australis Grande Variegated H.B",2115181600,"6""","A semi-succulent flowering vine with thick, waxy leaves and clusters of star-shaped, often fragrant blooms. Provide bright, indirect light for best growth and colour. Allow the soil to dry out between waterings; overwatering is the most common cause of trouble. Let it dry out between waterings and don't be tempted to repot too often; hoyas bloom best when slightly root-bound. Pet friendly and non-toxic if ingested. Grown and shaped for hanging basket display.",TRUE,,Tropical Plants;,23f81e_2181c39d40514d3b9b6987a5a7f340a6~mv2.jpg
"6"" Nepenthes - Pitcher Plant",2115182000,"6""","A fascinating carnivorous pitcher plant that traps insects in its distinctive hanging pitchers. Provide bright, indirect light for best growth and colour. Keep soil consistently moist and use rainwater or distilled water when possible. Pet friendly and non-toxic if ingested.",TRUE,,Tropical Plants;,23f81e_ea6c60bf1b9043218f965732f48c8cc5~mv2.jpg
"6"" Tradescantia - Tricolour H.B.",2115193100,"6""","A colourful, fast-growing trailing plant with striped or solid purple, green, or silver foliage. Provide bright, indirect light for best growth and colour. Water when the top inch of soil feels dry, then allow to drain freely. Pinch back regularly to keep it full and bushy. Keep away from pets and children, as this plant is toxic if ingested. Grown and shaped for hanging basket display.",TRUE,,Tropical Plants;,23f81e_40dc3520a05a4a9a8a527b455d6a4fd0~mv2.jpg
"6"" Philodendron - Cordatum H.B",2115234000,"6""","A lush, easy-care trailing or climbing vine prized for its glossy, richly coloured foliage. Thrives in medium to bright indirect light; avoid harsh, direct midday sun. Allow the soil to dry out between waterings; overwatering is the most common cause of trouble. Keep away from pets and children, as this plant is toxic if ingested. Grown and shaped for hanging basket display.",TRUE,,Tropical Plants;,23f81e_099a5efd9804451db110746f58de8368~mv2.jpg
"6"" Philodendron - Brazil H.B.",2115234100,"6""","A lush, easy-care trailing or climbing vine prized for its glossy, richly coloured foliage. Thrives in medium to bright indirect light; avoid harsh, direct midday sun. Allow the soil to dry out between waterings; overwatering is the most common cause of trouble. Keep away from pets and children, as this plant is toxic if ingested. Grown and shaped for hanging basket display.",TRUE,,Tropical Plants;,23f81e_a972775e8342442f88d333ef1be0c16b~mv2.jpg
"6"" Pilea Depressa - Kiereweed",2115241200,"6""","A charming, compact plant with round, coin-shaped or textured leaves that make a fun tabletop accent. Thrives in medium to bright indirect light; avoid harsh, direct midday sun. Water when the top inch of soil feels dry, then allow to drain freely. Rotate occasionally for even, symmetrical growth. Pet friendly and non-toxic if ingested.",TRUE,,Tropical Plants;,23f81e_9a93bbcd3ddd4d9aa256d7ccb3f55c91~mv2_d_2667_2000_s_2.jpg
"6"" Pilea - Bronze H.B",2115241400,"6""","A charming, compact plant with round, coin-shaped or textured leaves that make a fun tabletop accent. Thrives in medium to bright indirect light; avoid harsh, direct midday sun. Water when the top inch of soil feels dry, then allow to drain freely. Rotate occasionally for even, symmetrical growth. Pet friendly and non-toxic if ingested. Grown and shaped for hanging basket display.",TRUE,,Tropical Plants;,23f81e_15f781b136d04540a349fbd2baee1cbb~mv2.jpg
"6"" Pilea Birdsnest - Crinkle H.B.",2115241500,"6""","A charming, compact plant with round, coin-shaped or textured leaves that make a fun tabletop accent. Thrives in medium to bright indirect light; avoid harsh, direct midday sun. Water when the top inch of soil feels dry, then allow to drain freely. Rotate occasionally for even, symmetrical growth. Pet friendly and non-toxic if ingested. Grown and shaped for hanging basket display.",TRUE,,Tropical Plants;,
"6"" Pothos - Golden H.B",2115285000,"6""","A vigorous, trailing vine with heart-shaped, glossy leaves that's nearly impossible to kill. Tolerates low to medium light, making it a forgiving choice for offices and low-light corners. Allow the soil to dry out between waterings; overwatering is the most common cause of trouble. Great for hanging baskets, shelves, or training up a pole. Keep away from pets and children, as this plant is toxic if ingested. Grown and shaped for hanging basket display.",TRUE,,Tropical Plants;,23f81e_d5d65b36158d4994b70ff829b68a1e98~mv2.jpg
"6"" Pothos - Marble Queen H.B.",2115285100,"6""","A vigorous, trailing vine with heart-shaped, glossy leaves that's nearly impossible to kill. Tolerates low to medium light, making it a forgiving choice for offices and low-light corners. Allow the soil to dry out between waterings; overwatering is the most common cause of trouble. Great for hanging baskets, shelves, or training up a pole. Keep away from pets and children, as this plant is toxic if ingested. Grown and shaped for hanging basket display.",TRUE,,Tropical Plants;,23f81e_41db1413f9df488482bf6ded877b9ee8~mv2.jpg
"6"" Pothos - Satin H.B.",2115285300,"6""","A vigorous, trailing vine with heart-shaped, glossy leaves that's nearly impossible to kill. Tolerates low to medium light, making it a forgiving choice for offices and low-light corners. Allow the soil to dry out between waterings; overwatering is the most common cause of trouble. Great for hanging baskets, shelves, or training up a pole. Keep away from pets and children, as this plant is toxic if ingested. Grown and shaped for hanging basket display.",TRUE,,Tropical Plants;,23f81e_b06ef96ddefc4ad98a631363eb1e5131~mv2.jpg
"6"" Pothos - Pearl & Jade H.B.",2115285500,"6""","A vigorous, trailing vine with heart-shaped, glossy leaves that's nearly impossible to kill. Tolerates low to medium light, making it a forgiving choice for offices and low-light corners. Allow the soil to dry out between waterings; overwatering is the most common cause of trouble. Great for hanging baskets, shelves, or training up a pole. Keep away from pets and children, as this plant is toxic if ingested. Grown and shaped for hanging basket display.",TRUE,,Tropical Plants;,23f81e_d33f6f626a044aa0a74712cff5fae4b8~mv2.jpg
"6"" Pothos - Albo Epipremnum",2115285700,"6""","A vigorous, trailing vine with heart-shaped, glossy leaves that's nearly impossible to kill. Tolerates low to medium light, making it a forgiving choice for offices and low-light corners. Allow the soil to dry out between waterings; overwatering is the most common cause of trouble. Great for hanging baskets, shelves, or training up a pole. Keep away from pets and children, as this plant is toxic if ingested.",TRUE,,Tropical Plants;,23f81e_6cb2e183b0f542ef9eb030f77119b8da~mv2.jpg
"6"" String of Dolphin",2115288000,"6""","A fun trailing succulent whose plump leaves are shaped uncannily like tiny leaping dolphins. Provide bright, indirect light for best growth and colour. Water sparingly and only once the soil is completely dry; excellent drainage is essential. Keep away from pets and children, as this plant is toxic if ingested.",TRUE,,Tropical Plants;,
"6"" Tradescantia - Sweetness H.B.",2115297400,"6""","A colourful, fast-growing trailing plant with striped or solid purple, green, or silver foliage. Provide bright, indirect light for best growth and colour. Water when the top inch of soil feels dry, then allow to drain freely. Pinch back regularly to keep it full and bushy. Keep away from pets and children, as this plant is toxic if ingested. Grown and shaped for hanging basket display.",TRUE,,Tropical Plants;,23f81e_40e417544e234a6aa116e17adda74c67~mv2.jpg
"6"" Tradescantia - Baby Bunny Belly H.B.",2115311200,"6""","A colourful, fast-growing trailing plant with striped or solid purple, green, or silver foliage. Provide bright, indirect light for best growth and colour. Water when the top inch of soil feels dry, then allow to drain freely. Pinch back regularly to keep it full and bushy. Keep away from pets and children, as this plant is toxic if ingested. Grown and shaped for hanging basket display.",TRUE,,Tropical Plants;,23f81e_2714435edf2b4fa1b0bcebc0ce5489ae~mv2.jpg
"8"" Tropical H.B. - Assortment",2120000000,"8""","A curated mix of easy-care trailing tropical plants, grown and shaped for hanging basket display. Thrives in medium to bright indirect light; avoid harsh, direct midday sun. Water when the top inch of soil feels dry, then allow to drain freely.",FALSE,,Tropical Plants;,23f81e_555a7f932c67482698903923546bc229~mv2.jpg
"8"" Lipstick - Regular H.B",2120003000,"8""","A charming trailing plant named for its tubular red or coral flowers that emerge from dark, lipstick-tube-like buds. Provide bright, indirect light for best growth and colour. Water when the top inch of soil feels dry, then allow to drain freely. Pet friendly and non-toxic if ingested. Grown and shaped for hanging basket display.",TRUE,,Tropical Plants;,23f81e_b447dbe7b87543d1b2bdb53c796e9f98~mv2.jpg
"8"" Lipstick - Myra H.B",2120003300,"8""","A charming trailing plant named for its tubular red or coral flowers that emerge from dark, lipstick-tube-like buds. Provide bright, indirect light for best growth and colour. Water when the top inch of soil feels dry, then allow to drain freely. Pet friendly and non-toxic if ingested. Grown and shaped for hanging basket display.",FALSE,,Tropical Plants;,23f81e_44b1f659bb8f4f8abf02e37e2cccc3d4~mv2.jpg
"8"" Lipstick - Mona Lisa H.B",2120003800,"8""","A charming trailing plant named for its tubular red or coral flowers that emerge from dark, lipstick-tube-like buds. Provide bright, indirect light for best growth and colour. Water when the top inch of soil feels dry, then allow to drain freely. Pet friendly and non-toxic if ingested. Grown and shaped for hanging basket display.",TRUE,,Tropical Plants;,23f81e_84378d9e5b414b6393977c4e53204786~mv2.jpg
"8"" Lipstick - Mona Lisa H.B.",2120003800,"8""","A charming trailing plant named for its tubular red or coral flowers that emerge from dark, lipstick-tube-like buds. Provide bright, indirect light for best growth and colour. Water when the top inch of soil feels dry, then allow to drain freely. Pet friendly and non-toxic if ingested. Grown and shaped for hanging basket display.",FALSE,,Tropical Plants;,
"8"" Spider - Variegated H.B",2120034100,"8""","A classic, easy-care houseplant with arching, striped foliage and dangling plantlets on long runners. Thrives in medium to bright indirect light; avoid harsh, direct midday sun. Water when the top inch of soil feels dry, then allow to drain freely. One of the most forgiving houseplants and a great choice for beginners. Pet friendly and non-toxic if ingested. Grown and shaped for hanging basket display.",TRUE,,Tropical Plants;,23f81e_6499e0b95b6746ed8e772802fcddf23e~mv2.jpg
"8"" Croton - Mammy",2120101000,"8""","A vibrant, sun-loving foliage plant with bold, multicoloured leaves in shades of red, orange, and yellow. Prefers bright light with some direct sun each day. Water when the top inch of soil feels dry, then allow to drain freely. Needs good light to maintain its brightest colours. Keep away from pets and children, as this plant is toxic if ingested.",FALSE,,Tropical Plants;,23f81e_0baa7f64932644c5aaa87d99a22435a9~mv2.jpg
"8"" Ivy - Algerian H.B.",2120104500,"8""","A vigorous trailing vine with large, glossy, deeply lobed leaves. Thrives in medium to bright indirect light; avoid harsh, direct midday sun. Water when the top inch of soil feels dry, then allow to drain freely. Keep away from pets and children, as this plant is toxic if ingested. Grown and shaped for hanging basket display.",TRUE,,Tropical Plants;,
"8"" Ivy - Marengo H.B.",2120104700,"8""","A variegated Algerian Ivy with bold, cream-edged glossy leaves and a lush trailing habit. Thrives in medium to bright indirect light; avoid harsh, direct midday sun. Water when the top inch of soil feels dry, then allow to drain freely. Keep away from pets and children, as this plant is toxic if ingested. Grown and shaped for hanging basket display.",TRUE,,Tropical Plants;,
"8"" English Ivy - Green H.B",2120105100,"8""","A classic trailing vine with lobed, evergreen leaves, equally at home in hanging baskets or climbing a trellis. Thrives in medium to bright indirect light; avoid harsh, direct midday sun. Water when the top inch of soil feels dry, then allow to drain freely. Keep away from pets and children, as this plant is toxic if ingested. Grown and shaped for hanging basket display.",TRUE,,Tropical Plants;,23f81e_17080611eb654f66abd3b5ba1e9ad673~mv2.jpg
"8"" English Ivy - Variegated H.B.",2120105300,"8""","A classic trailing vine with lobed, evergreen leaves, equally at home in hanging baskets or climbing a trellis. Thrives in medium to bright indirect light; avoid harsh, direct midday sun. Water when the top inch of soil feels dry, then allow to drain freely. Keep away from pets and children, as this plant is toxic if ingested. Grown and shaped for hanging basket display.",TRUE,,Tropical Plants;,
"8"" Sugarvine H.B",2120179200,"8""","A charming trailing plant with small, glossy, ivy-like leaflets and a cheerful, bushy habit. Thrives in medium to bright indirect light; avoid harsh, direct midday sun. Water when the top inch of soil feels dry, then allow to drain freely. Pet friendly and non-toxic if ingested. Grown and shaped for hanging basket display.",TRUE,,Tropical Plants;,23f81e_4e9ce4f0a81d495da4695d1eb9ae5854~mv2.jpg
"8"" Peperomia - European Trailing H.B",2120194200,"8""","A compact, easy-care houseplant with thick, decorative leaves that store water like a succulent. Thrives in medium to bright indirect light; avoid harsh, direct midday sun. Allow the soil to dry out between waterings; overwatering is the most common cause of trouble. Pet friendly and non-toxic if ingested. Grown and shaped for hanging basket display.",TRUE,,Tropical Plants;,23f81e_d73fa468c65f4343ba7dbefd6f8e9d1a~mv2.jpg
"8"" Philodendron - Brazil H.B",2120234100,"8""","A lush, easy-care trailing or climbing vine prized for its glossy, richly coloured foliage. Thrives in medium to bright indirect light; avoid harsh, direct midday sun. Allow the soil to dry out between waterings; overwatering is the most common cause of trouble. Keep away from pets and children, as this plant is toxic if ingested. Grown and shaped for hanging basket display.",TRUE,,Tropical Plants;,23f81e_59ab346dc371438d9a6bc52d531758cf~mv2.jpg
"8"" Pilea Depressa - Kiereweed H.B",2120241200,"8""","A charming, compact plant with round, coin-shaped or textured leaves that make a fun tabletop accent. Thrives in medium to bright indirect light; avoid harsh, direct midday sun. Water when the top inch of soil feels dry, then allow to drain freely. Rotate occasionally for even, symmetrical growth. Pet friendly and non-toxic if ingested. Grown and shaped for hanging basket display.",TRUE,,Tropical Plants;,23f81e_62600ff4dc2949ddb4d73ee14bc01f73~mv2.jpg
"8"" Pilea Birdsnest - Crinkle H.B",2120241500,"8""","A charming, compact plant with round, coin-shaped or textured leaves that make a fun tabletop accent. Thrives in medium to bright indirect light; avoid harsh, direct midday sun. Water when the top inch of soil feels dry, then allow to drain freely. Rotate occasionally for even, symmetrical growth. Pet friendly and non-toxic if ingested. Grown and shaped for hanging basket display.",TRUE,,Tropical Plants;,23f81e_c821e817c4bf47a59c1f0f91546345d6~mv2.jpg
"8"" Pothos - Marble Queen H.B",2120285100,"8""","A vigorous, trailing vine with heart-shaped, glossy leaves that's nearly impossible to kill. Tolerates low to medium light, making it a forgiving choice for offices and low-light corners. Allow the soil to dry out between waterings; overwatering is the most common cause of trouble. Great for hanging baskets, shelves, or training up a pole. Keep away from pets and children, as this plant is toxic if ingested. Grown and shaped for hanging basket display.",TRUE,,Tropical Plants;,23f81e_85b9fc6b97aa49428afb4e8b667fd8bc~mv2.jpg
"8"" Pothos - Moonlight H.B",2120285400,"8""","A vigorous, trailing vine with heart-shaped, glossy leaves that's nearly impossible to kill. Tolerates low to medium light, making it a forgiving choice for offices and low-light corners. Allow the soil to dry out between waterings; overwatering is the most common cause of trouble. Great for hanging baskets, shelves, or training up a pole. Keep away from pets and children, as this plant is toxic if ingested. Grown and shaped for hanging basket display.",FALSE,,Tropical Plants;,23f81e_899c5ea909d74681b873009353e20d5d~mv2.jpg
"8"" Nephthytis - Butterfly H.B",2120295000,"8""","Also known as Arrowhead Plant (Syngonium), grown for its arrow-shaped leaves in a range of colourful patterns. Thrives in medium to bright indirect light; avoid harsh, direct midday sun. Water when the top inch of soil feels dry, then allow to drain freely. Its climbing habit can be trained onto a pole or left to trail. Keep away from pets and children, as this plant is toxic if ingested. Grown and shaped for hanging basket display.",FALSE,,Tropical Plants;,23f81e_27ae08b57322498399aa1d5f0d5f1f04~mv2.jpg
"8"" Inch Plant - Creme H.B",2120297100,"8""","A colourful, fast-growing trailing plant with striped or solid purple, green, or silver foliage. Provide bright, indirect light for best growth and colour. Water when the top inch of soil feels dry, then allow to drain freely. Keep away from pets and children, as this plant is toxic if ingested. Grown and shaped for hanging basket display.",TRUE,,Tropical Plants;,23f81e_af5b87484bf94b85a7acb4bdc4eaf0c2~mv2.jpg
"8"" Tradescantia - Nanouk H.B.",2120311300,"8""","A colourful, fast-growing trailing plant with striped or solid purple, green, or silver foliage. Provide bright, indirect light for best growth and colour. Water when the top inch of soil feels dry, then allow to drain freely. Pinch back regularly to keep it full and bushy. Keep away from pets and children, as this plant is toxic if ingested. Grown and shaped for hanging basket display.",TRUE,,Tropical Plants;,
"10"" Spider - Reverse Stripe H.B",2125034000,"10""","A classic, easy-care houseplant with arching, striped foliage and dangling plantlets on long runners. Thrives in medium to bright indirect light; avoid harsh, direct midday sun. Water when the top inch of soil feels dry, then allow to drain freely. One of the most forgiving houseplants and a great choice for beginners. Pet friendly and non-toxic if ingested. Grown and shaped for hanging basket display.",FALSE,,Tropical Plants;,23f81e_b415f92e8b2949b484aec2696bb2c723~mv2.jpg
"10"" Spider - Variegated H.B",2125034100,"10""","A classic, easy-care houseplant with arching, striped foliage and dangling plantlets on long runners. Thrives in medium to bright indirect light; avoid harsh, direct midday sun. Water when the top inch of soil feels dry, then allow to drain freely. One of the most forgiving houseplants and a great choice for beginners. Pet friendly and non-toxic if ingested. Grown and shaped for hanging basket display.",FALSE,,Tropical Plants;,23f81e_00dea09817074ddaac73dd037051f84f~mv2.jpg
"10"" Spider - Green H.B",2125034500,"10""","A classic, easy-care houseplant with arching, striped foliage and dangling plantlets on long runners. Thrives in medium to bright indirect light; avoid harsh, direct midday sun. Water when the top inch of soil feels dry, then allow to drain freely. One of the most forgiving houseplants and a great choice for beginners. Pet friendly and non-toxic if ingested. Grown and shaped for hanging basket display.",FALSE,,Tropical Plants;,23f81e_c7d828f25fd54bec8b6334c5506a2767~mv2.jpg
"8"" Spider Plant - Curly Sue H.B",2125034600,"8""","A classic, easy-care houseplant with arching, striped foliage and dangling plantlets on long runners. Thrives in medium to bright indirect light; avoid harsh, direct midday sun. Water when the top inch of soil feels dry, then allow to drain freely. One of the most forgiving houseplants and a great choice for beginners. Pet friendly and non-toxic if ingested. Grown and shaped for hanging basket display.",TRUE,,Tropical Plants;,23f81e_2550794df7b14b798a0bb6ea93738567~mv2.jpg
"10"" Pothos - Marble Queen H.B",2125285100,"10""","A vigorous, trailing vine with heart-shaped, glossy leaves that's nearly impossible to kill. Tolerates low to medium light, making it a forgiving choice for offices and low-light corners. Allow the soil to dry out between waterings; overwatering is the most common cause of trouble. Great for hanging baskets, shelves, or training up a pole. Keep away from pets and children, as this plant is toxic if ingested. Grown and shaped for hanging basket display.",TRUE,,Tropical Plants;,23f81e_1544cb75d7354fc8b6e86c40a1d7ca36~mv2.jpg
"4"" Little Beauties",3110000000,"4""","A compact flowering plant selection bred for full, colourful blooms in a small footprint. Prefers bright light with some direct sun each day. Water when the top inch of soil feels dry, then allow to drain freely. Pet friendly and non-toxic if ingested.",TRUE,,Indoor Flowering,23f81e_ddf5312fc1e843fc888b00284770703b~mv2.jpg
"4"" Anthurium",3110080000,"4""","A striking tropical with glossy, heart-shaped foliage and long-lasting, waxy blooms in vivid red, pink, or white. Provide bright, indirect light for best growth and colour. Water when the top inch of soil feels dry, then allow to drain freely. Keep away from pets and children, as this plant is toxic if ingested.",TRUE,,Indoor Flowering,23f81e_dc681f06e3f348449fe34623b3663836~mv2.jpg;23f81e_532547d6ae0c46aea879dd8d0bd74778~mv2.jpg;23f81e_e17733c367424df89a0a7a22c4c5545e~mv2.jpg
"4"" Aster",3110110000,"4""","A cheerful, late-season perennial covered in daisy-like blooms that attract pollinators. Needs full sun (6+ hours of direct light daily) to perform its best. Water regularly to keep the root zone consistently moist, especially during hot weather. Pet friendly and non-toxic if ingested.",TRUE,,Outdoor Items,23f81e_49e4763471544d2fad523357ed9bb3a9~mv2.jpg
"4"" Star of Bethlehem",3110181100,"4""","A dainty bulb plant with clusters of small, star-shaped white flowers. Prefers bright light with some direct sun each day. Water when the top inch of soil feels dry, then allow to drain freely. Keep away from pets and children, as this plant is toxic if ingested.",TRUE,,Outdoor Items,23f81e_6033e9d60b55477396268176d0b6832f~mv2.jpg
"4"" Celosia",3110200000,"4""","A striking, textural bloomer with vivid, flame- or brain-like flower plumes. Needs full sun (6+ hours of direct light daily) to perform its best. Water when the top inch of soil feels dry, then allow to drain freely. Pet friendly and non-toxic if ingested.",TRUE,,Indoor Flowering,23f81e_d5222dd3d3f74266b144f5bf1c623931~mv2.jpg
"4"" Pot Mum",3110240000,"4""","A reliable, long-blooming favourite covered in dense, colourful daisy-like flowers. Prefers bright light with some direct sun each day. Water when the top inch of soil feels dry, then allow to drain freely. Keep away from pets and children, as this plant is toxic if ingested.",TRUE,,Indoor Flowering,23f81e_de018065c31d4b199089807d88aac5b3~mv2.jpg;23f81e_6dda4ed7848144c5a9d5f5981a92d6e9~mv2.jpg;23f81e_0b3d9babd31e4672ad43d0932759ff4c~mv2.jpg;23f81e_ac86e79d45664baab395c3b0ad01f7eb~mv2.jpg
"4"" Crocus",3110280000,"4""","A petite, early-spring bulb with cup-shaped blooms in bright jewel tones. Provide bright, indirect light for best growth and colour. Water when the top inch of soil feels dry, then allow to drain freely. Pet friendly and non-toxic if ingested.",TRUE,,Indoor Flowering,23f81e_6c50983043cb495499bb6e09131d88c4~mv2.jpg
"4"" Cyclamen",3110300000,"4""","A cool-season flowering favourite with heart-shaped, marbled leaves and elegant, upswept blooms. Provide bright, indirect light for best growth and colour. Water when the top inch of soil feels dry, then allow to drain freely. Prefers cooler indoor temperatures and dislikes hot, dry rooms. Keep away from pets and children, as this plant is toxic if ingested.",TRUE,,Indoor Flowering,23f81e_b7c8526542d64878aad97553593435df~mv2.jpg;23f81e_fc099c6e2f4d4d73aa5ff813ac999964~mv2.jpg;23f81e_8015c9c28dba4cb1993075970c5303c4~mv2_d_6000_4000_s_4_2.jpg;23f81e_a2cd8c2cbf3b4897b7c56fba267154f1~mv2.jpg;23f81e_1501403499b3476087506b9c7f92deb0~mv2_d_6000_4000_s_4_2.jpg
"4"" Exacum Kandy",3110409300,"4""","Also known as Persian Violet, a compact plant covered in small, fragrant purple or white star-shaped flowers. Provide bright, indirect light for best growth and colour. Keep soil evenly moist and never let it dry out completely. Pet friendly and non-toxic if ingested.",FALSE,,Indoor Flowering,23f81e_62f3b3f2089f488990c48dd300336ea4~mv2.jpg
"4"" Fuchsia - Regular",3110450000,"4""","A graceful, shade-loving bloomer with elegant, dangling, bicolour flowers, beloved by hummingbirds. Grows best in part sun to light shade. Keep soil evenly moist and never let it dry out completely. Keep away from pets and children, as this plant is toxic if ingested.",TRUE,,Outdoor Items,23f81e_deafbe6bc5754054a7a8b2f50bd5e197~mv2.jpg
"4"" Gaultheria - Wintergreen",3110460000,"4""","Also known as Gaultheria, a compact evergreen shrub with glossy leaves and bright red winter berries. Grows best in part sun to light shade. Keep soil evenly moist and never let it dry out completely. Keep away from pets and children, as this plant is toxic if ingested.",TRUE,,Christmas,23f81e_13247ecc42c344afae0bf00a111cabeb~mv2.jpg;23f81e_c6761feee4924d40af44a92d43dfb506~mv2.jpg
"4"" Gerbera",3110500000,"4""","A cheerful daisy relative with large, vividly coloured blooms held above tidy foliage. Prefers bright light with some direct sun each day. Water when the top inch of soil feels dry, then allow to drain freely. Pet friendly and non-toxic if ingested.",TRUE,,Indoor Flowering,23f81e_411ac0d01a9d46ac97f60b26ce634de1~mv2.jpg;23f81e_a2000632f4a94d2c90ab140bae6b8bd4~mv2.jpg;23f81e_fdd137ad39db42689c931859262b4554~mv2.jpg;23f81e_d95daf0b39da4f9eae93b51e76b7720a~mv2.jpg
"4"" Heliotrope",3110530000,"4""","A fragrant, old-fashioned annual with clusters of deep purple flowers and a vanilla-like scent. Needs full sun (6+ hours of direct light daily) to perform its best. Water regularly to keep the root zone consistently moist, especially during hot weather. Keep away from pets and children, as this plant is toxic if ingested.",TRUE,,Outdoor Items,23f81e_8e1344081e7845938c935ace8748f5a8~mv2.jpg
"4"" Hyacinth",3110580000,"4""","A wonderfully fragrant spring bulb with dense spikes of star-shaped flowers. Provide bright, indirect light for best growth and colour. Water when the top inch of soil feels dry, then allow to drain freely. Keep away from pets and children, as this plant is toxic if ingested.",TRUE,,Indoor Flowering,23f81e_868b6b1a621f42b59750f7f44ebb7f86~mv2.jpg;23f81e_595663072c7740c08db8f2fa3bc673d0~mv2.jpg
"4"" Impatiens-Sunpatiens",3110605100,"4""","A prolific, shade-loving bloomer that provides nonstop colour all season long. Grows best in part sun to light shade. Keep soil evenly moist and never let it dry out completely. Pet friendly and non-toxic if ingested.",TRUE,,Outdoor Items,23f81e_7a162328332c4e84a9878e054c95fd06~mv2.jpg
"4"" Kalanchoe",3110620000,"4""","A cheerful, long-blooming succulent with clusters of small, bright flowers atop glossy, scalloped leaves. Prefers bright light with some direct sun each day. Allow the soil to dry out between waterings; overwatering is the most common cause of trouble. Keep away from pets and children, as this plant is toxic if ingested.",TRUE,,Indoor Flowering,23f81e_2d96c9ecfb0044a8a327ce0f14a54da1~mv2.jpg;23f81e_3f5d40867ba34222a60f9b39902c7ace~mv2.jpg;23f81e_a062c6a590694173a739d2b296c56cec~mv2.jpg;23f81e_3ea6f14cf134462cb660821f0b1d8e7d~mv2.jpg;23f81e_dc79cc0c56034c1d9adc679661eac671~mv2.jpg
"4"" Hoya - Carnosa",3110621700,"4""","A semi-succulent flowering vine with thick, waxy leaves and clusters of star-shaped, often fragrant blooms. Provide bright, indirect light for best growth and colour. Allow the soil to dry out between waterings; overwatering is the most common cause of trouble. Let it dry out between waterings and don't be tempted to repot too often; hoyas bloom best when slightly root-bound. Pet friendly and non-toxic if ingested.",TRUE,,Tropical Plants;,23f81e_31a6b1f88321463baa585451d9ee6819~mv2.jpg
"4"" Hybrid Lily",3110630000,"4""","An elegant flowering bulb plant with large, showy, often fragrant trumpet-shaped blooms. Provide bright, indirect light for best growth and colour. Water when the top inch of soil feels dry, then allow to drain freely. Keep away from pets and children, as this plant is toxic if ingested.",TRUE,,Indoor Flowering,23f81e_d18f626e3e3f453f8b8afd86c00c842f~mv2.jpg
"4"" Lisianthus",3110670000,"4""","An elegant flowering plant with rose-like blooms in soft, romantic colours. Prefers bright light with some direct sun each day. Water when the top inch of soil feels dry, then allow to drain freely. Pet friendly and non-toxic if ingested.",TRUE,,Outdoor Items,23f81e_23a2e63bed72459799a8556816004e3b~mv2.jpg
"4"" Mini Iris",3110680000,"4""","A compact spring bulb with grass-like foliage and delicate, jewel-toned blooms. Provide bright, indirect light for best growth and colour. Water when the top inch of soil feels dry, then allow to drain freely. Pet friendly and non-toxic if ingested.",TRUE,,Indoor Flowering,23f81e_7f891f8e4d174a8cbd65d8a9823dafff~mv2.jpg
"4"" Grape Hyacinth",3110690000,"4""","A petite spring bulb with clusters of small, grape-like blue flowers. Provide bright, indirect light for best growth and colour. Water when the top inch of soil feels dry, then allow to drain freely. Pet friendly and non-toxic if ingested.",TRUE,,Indoor Flowering,23f81e_6fee44732df34b2caa3f8615050aa381~mv2.jpg
"4"" Daffodil - Dwarf",3110700000,"4""","A cheerful spring bulb with bright, trumpet-shaped blooms and strappy foliage. Provide bright, indirect light for best growth and colour. Water when the top inch of soil feels dry, then allow to drain freely. Keep away from pets and children, as this plant is toxic if ingested.",TRUE,,Indoor Flowering,23f81e_cdeb7e2fa1a446e5b22c12a608e06588~mv2.jpg;23f81e_ff2b046a11224c7d9264c2c5b4e2de5e~mv2.jpg
"4"" Geranium - Zonal - Tango",3110740000,"4""","A reliable, sun-loving bloomer with rounded leaves and clusters of bright, long-lasting flowers. Needs full sun (6+ hours of direct light daily) to perform its best. Water when the top inch of soil feels dry, then allow to drain freely. Keep away from pets and children, as this plant is toxic if ingested.",TRUE,,Outdoor Items,23f81e_8675027beb5b46efb32d50e692fcf4a3~mv2.jpg
"4"" Ranunculus - Assorted",3110750000,"4""","A romantic flowering bulb plant with layers of delicate, paper-thin petals in rich colours. Provide bright, indirect light for best growth and colour. Water when the top inch of soil feels dry, then allow to drain freely. Keep away from pets and children, as this plant is toxic if ingested.",TRUE,,Indoor Flowering,23f81e_209d464c3e034e089824579860ff3f67~mv2.jpg
"4"" Primula Acaulis",3110770000,"4""","A cheerful, compact flowering plant with clusters of bright blooms above crinkled, rosette foliage. Provide bright, indirect light for best growth and colour. Keep soil evenly moist and never let it dry out completely. Pet friendly and non-toxic if ingested.",TRUE,,Indoor Flowering,23f81e_934c824f4da84a40b8dce125125e5d01~mv2.jpg;23f81e_56630c3e11af4c7395ae71d2dadfa3f9~mv2.jpg;23f81e_442ed13a8c72473f87691d9f5292d9b4~mv2.jpg;23f81e_3dc49b9cbdf1405d909892fb6096553b~mv2.jpg;23f81e_192208c879e546cf8d443a2cffeafadb~mv2.jpg;23f81e_01a7b468fd3c40cc8a767703f551e2d1~mv2.jpg
"4"" Primula Obconica",3110794000,"4""","A cheerful, compact flowering plant with clusters of bright blooms above crinkled, rosette foliage. Provide bright, indirect light for best growth and colour. Keep soil evenly moist and never let it dry out completely. Pet friendly and non-toxic if ingested.",TRUE,,Indoor Flowering,23f81e_2f0922737eff48d2b600a90e6bd8d950~mv2.jpg;23f81e_919e5c1ff3944836a8aab841ac27f424~mv2.jpg;23f81e_f67b311c0c784f5795497a1125211dd0~mv2.jpg;23f81e_b36c421a42564d90ba925986d85912ff~mv2.jpg
"4"" Rieger Begonia",3110800000,"4""","A versatile, ornamental plant grown for its striking foliage and/or clusters of cheerful flowers. Thrives in medium to bright indirect light; avoid harsh, direct midday sun. Water when the top inch of soil feels dry, then allow to drain freely. Let the soil surface dry slightly between waterings and avoid wetting the leaves. Keep away from pets and children, as this plant is toxic if ingested.",TRUE,,Indoor Flowering,23f81e_5eb5145f72e048f8b23d7aded2785eaa~mv2.jpg
"4"" Nonstop Begonia",3110805000,"4""","A versatile, ornamental plant grown for its striking foliage and/or clusters of cheerful flowers. Thrives in medium to bright indirect light; avoid harsh, direct midday sun. Water when the top inch of soil feels dry, then allow to drain freely. Let the soil surface dry slightly between waterings and avoid wetting the leaves. Keep away from pets and children, as this plant is toxic if ingested.",TRUE,,Outdoor Items,23f81e_60b8956e41c54880a8fb3302f8b3ab9b~mv2.jpg
"4"" Azalea",3110820000,"4""","A classic flowering shrub that puts on a spectacular springtime display of ruffled blooms. Provide bright, indirect light for best growth and colour. Keep soil evenly moist and never let it dry out completely. Prefers acidic, well-drained soil and cool room temperatures. Keep away from pets and children, as this plant is toxic if ingested.",TRUE,,Indoor Flowering,23f81e_361bb736b7144dfda528c0df179e7724~mv2_d_6000_4000_s_4_2.jpg;23f81e_8a61f7845b8948d9be7b9ff7216fc165~mv2_d_6000_4000_s_4_2.jpg;23f81e_9f6511a620f8482cb0b63ca0cd4c0fb0~mv2_d_6000_4000_s_4_2.jpg
"4"" Roses",3110860000,"4""","A timeless flowering favourite with lush, layered blooms and a classic fragrance. Needs full sun (6+ hours of direct light daily) to perform its best. Water when the top inch of soil feels dry, then allow to drain freely. Pet friendly and non-toxic if ingested.",TRUE,,Indoor Flowering,23f81e_5299edb414b440758118eab0be4dfff7~mv2.jpg;23f81e_3badb68ad5624e259aa78126a05d4df3~mv2.jpg;23f81e_c172707b1c1c4f8ca9f7a621098e595a~mv2.jpg
"4"" African Violet",3110880000,"4""","A beloved, compact flowering plant with fuzzy leaves and clusters of velvety blooms in purple, pink, or white. Provide bright, indirect light for best growth and colour. Water when the top inch of soil feels dry, then allow to drain freely. Water from below or at the soil line to avoid spotting the leaves. Pet friendly and non-toxic if ingested.",TRUE,,Indoor Flowering,23f81e_3c479db436e8459db0752784b7c9c69e~mv2.jpg;23f81e_803050d2ff5944da82a8e4795675aa16~mv2.jpg;23f81e_be983e50755e49248be30fdd7a8f9be1~mv2.jpg;23f81e_04aab64472a34998940309a60ded412f~mv2_d_6000_4000_s_4_2.jpg
"4"" Cineraria",3110890000,"4""","A vivid, compact flowering plant with masses of daisy-like blooms in bold, saturated colours. Provide bright, indirect light for best growth and colour. Keep soil evenly moist and never let it dry out completely. Pet friendly and non-toxic if ingested.",FALSE,,Indoor Flowering,23f81e_8c7006983d2c4b54a2846c1356b818ea~mv2.jpg
"4"" Spring Bulbs",3110930000,"4""","A ready-to-bloom pot of classic spring bulbs for cheerful seasonal colour. Provide bright, indirect light for best growth and colour. Water when the top inch of soil feels dry, then allow to drain freely. Keep away from pets and children, as this plant is toxic if ingested.",TRUE,,Indoor Flowering,23f81e_9d1cb0072769499f8b268a32a422f793~mv2.jpg
"4"" Tulip",3110980000,"4""","A classic spring bulb with smooth, cup-shaped blooms in a huge range of colours. Provide bright, indirect light for best growth and colour. Water when the top inch of soil feels dry, then allow to drain freely. Keep away from pets and children, as this plant is toxic if ingested.",TRUE,,Indoor Flowering,23f81e_381b89a9f9c048a2b92694b0c874bee4~mv2.jpg;23f81e_ab494eee118e457387b952a794a3b39c~mv2.jpg
"6"" Big Beauties",3115000000,"6""","A full, generously blooming flowering plant selection bred for bold colour impact. Prefers bright light with some direct sun each day. Water when the top inch of soil feels dry, then allow to drain freely. Pet friendly and non-toxic if ingested.",FALSE,,Indoor Flowering,23f81e_f48848034c2d4562afd036b4f5812337~mv2.jpg
"6"" Anthurium",3115080300,"6""","A striking tropical with glossy, heart-shaped foliage and long-lasting, waxy blooms in vivid red, pink, or white. Provide bright, indirect light for best growth and colour. Water when the top inch of soil feels dry, then allow to drain freely. Keep away from pets and children, as this plant is toxic if ingested.",TRUE,,Indoor Flowering,23f81e_39bf4afdd05d48f2aeda43fa4680268d~mv2.jpg
"6"" Bougainvillea",3115120000,"6""","A vigorous, sun-loving flowering vine covered in vivid papery bracts through the warm season. Needs full sun (6+ hours of direct light daily) to perform its best. Allow the soil to dry out between waterings; overwatering is the most common cause of trouble. Pet friendly and non-toxic if ingested.",TRUE,,Outdoor Items,db81aa_53578ab638294ae9a8e90e3f1ab7f163~mv2.jpg
"6"" Bouganvillea Ring",3115120100,"6""","A vividly colourful flowering vine trained into a decorative ring form, covered in papery bracts. Needs full sun (6+ hours of direct light daily) to perform its best. Allow the soil to dry out between waterings; overwatering is the most common cause of trouble. Pet friendly and non-toxic if ingested.",FALSE,,Indoor Flowering,23f81e_11ff4e6432a648368a45297d58d82309~mv2.jpg;23f81e_a8525116bd47435daf694f048c98b873~mv2.jpg
"6"" Star of Bethlehem",3115181100,"6""","A dainty bulb plant with clusters of small, star-shaped white flowers. Prefers bright light with some direct sun each day. Water when the top inch of soil feels dry, then allow to drain freely. Keep away from pets and children, as this plant is toxic if ingested.",TRUE,,Outdoor Items,23f81e_df78788294204bb7be142bb1fbf304fd~mv2.jpg
"6"" Pot Mum",3115240000,"6""","A reliable, long-blooming favourite covered in dense, colourful daisy-like flowers. Prefers bright light with some direct sun each day. Water when the top inch of soil feels dry, then allow to drain freely. Keep away from pets and children, as this plant is toxic if ingested.",TRUE,,Indoor Flowering,23f81e_639f1b2db5a343588bf80803b38657b5~mv2.jpg;23f81e_8a78ce0fd02f4f7fa0e7a79d3ebd3dbe~mv2_d_6000_4000_s_4_2.jpg;23f81e_868a06b9111b410483b575d0e26a4e82~mv2_d_6000_4000_s_4_2.jpg;23f81e_eec6ef7ea74345588e1c6da3cf9de6ee~mv2_d_6000_4000_s_4_2.jpg;23f81e_48105c99f4a64128b13878ab92d6f0a4~mv2_d_6000_4000_s_4_2.jpg;23f81e_2b1da7614d0546fdb24f0706a7e7d7c2~mv2_d_6000_4000_s_4_2.jpg
"6"" Disbud Mum - Yellow",3115240000,"6""","A reliable, long-blooming favourite covered in dense, colourful daisy-like flowers. Prefers bright light with some direct sun each day. Water when the top inch of soil feels dry, then allow to drain freely. Keep away from pets and children, as this plant is toxic if ingested.",FALSE,,Indoor Flowering,23f81e_67130c43734640498d441b5346bd0185~mv2.jpeg
"6"" Easter Egg Mum with Pick",3115240000,"6""","A festive, compact mum decorated for the Easter season with a full flush of colourful blooms. Prefers bright light with some direct sun each day. Water when the top inch of soil feels dry, then allow to drain freely. Keep away from pets and children, as this plant is toxic if ingested.",TRUE,,Easter,23f81e_d8739bad2afc4351ab07b35618f8eeb0~mv2.jpg
"6"" Garden Mum",3115270000,"6""","A reliable, long-blooming fall favourite covered in dense, colourful daisy-like flowers. Needs full sun (6+ hours of direct light daily) to perform its best. Water regularly to keep the root zone consistently moist, especially during hot weather. Keep away from pets and children, as this plant is toxic if ingested.",TRUE,,Outdoor Items,23f81e_bac1dc4314d549e59e5e7c8a6d286fb2~mv2.jpg;23f81e_9b32e5817e3f4e008a7c4fcbdbcf928e~mv2.jpg;23f81e_7bc4c0ec9d7447c4839fb31866618798~mv2.jpg;23f81e_063db709072e47a68635341f2409925a~mv2.jpg
"6"" Curcuma - Siam Tulip",3115297500,"6""","Also called Siam Tulip, a tropical bulb plant with showy, tulip-like pink or purple bracts. Provide bright, indirect light for best growth and colour. Keep soil evenly moist and never let it dry out completely. Pet friendly and non-toxic if ingested.",TRUE,,Indoor Flowering,23f81e_03b41df4b3694022a1edcd120336324c~mv2.jpg;23f81e_9af29772c13d415ebb8cdcd83ff36d07~mv2.jpg
"6"" Cyclamen",3115300000,"6""","A cool-season flowering favourite with heart-shaped, marbled leaves and elegant, upswept blooms. Provide bright, indirect light for best growth and colour. Water when the top inch of soil feels dry, then allow to drain freely. Prefers cooler indoor temperatures and dislikes hot, dry rooms. Keep away from pets and children, as this plant is toxic if ingested.",TRUE,,Indoor Flowering,23f81e_c9404c737d734edd8a6893d469688ed9~mv2.jpg;23f81e_327fe9a983114aecaf4849b9716763ae~mv2.jpg;23f81e_b7c4efecb0464212b5c307c040334a54~mv2.jpg;23f81e_763c8d07fe14411b85f45cdc54713a59~mv2.jpg
"4"" Citronella - Scented Geranium",3115330000,"4""","A scented geranium grown for its lemony aroma, said to help repel mosquitoes. Needs full sun (6+ hours of direct light daily) to perform its best. Allow the soil to dry out between waterings; overwatering is the most common cause of trouble. Pet friendly and non-toxic if ingested.",TRUE,,Outdoor Items,23f81e_b0ecbbde559245de8dad3137e0f7d16a~mv2.jpg
"6"" Aloha Lily Leia",3115360000,"6""","A tropical flowering lily variety with vivid, exotic blooms. Provide bright, indirect light for best growth and colour. Water when the top inch of soil feels dry, then allow to drain freely. Keep away from pets and children, as this plant is toxic if ingested.",TRUE,,Indoor Flowering,23f81e_bf6155515f66419b94983b61d33bff16~mv2.jpg
"6"" Persian Violet",3115409100,"6""","A compact plant covered in small, fragrant purple or white star-shaped flowers. Provide bright, indirect light for best growth and colour. Keep soil evenly moist and never let it dry out completely. Pet friendly and non-toxic if ingested.",FALSE,,Outdoor Items,23f81e_55c64f8372584783977119cde43ce07e~mv2.jpg
"6"" Gerbera",3115500000,"6""","A cheerful daisy relative with large, vividly coloured blooms held above tidy foliage. Prefers bright light with some direct sun each day. Water when the top inch of soil feels dry, then allow to drain freely. Pet friendly and non-toxic if ingested.",TRUE,,Indoor Flowering,23f81e_22768a50f25f4f8a898840217945b2b6~mv2.jpg;23f81e_a270c4d2e1634cbba219983ab1a1751b~mv2.jpg
"6"" Hibiscus",3115540000,"6""","A show-stopping tropical with huge, vividly coloured trumpet blooms that open fresh each day. Needs full sun (6+ hours of direct light daily) to perform its best. Water when the top inch of soil feels dry, then allow to drain freely. Pet friendly and non-toxic if ingested.",FALSE,,Indoor Flowering,23f81e_a92d146ae52d4192ace0ea88f6540ce9~mv2.jpg;23f81e_9c66a3323bba4344b2751e7ab738f53d~mv2.jpg
"6"" Hyacinth",3115580000,"6""","A wonderfully fragrant spring bulb with dense spikes of star-shaped flowers. Provide bright, indirect light for best growth and colour. Water when the top inch of soil feels dry, then allow to drain freely. Keep away from pets and children, as this plant is toxic if ingested.",TRUE,,Indoor Flowering,23f81e_ba25d2263abb46c0b596ecd617a202ac~mv2.jpg;23f81e_1837cfa1035a40998407ec6e126e9f25~mv2.jpg
"6"" Hydrangea",3115593000,"6""","A classic flowering shrub with large, rounded clusters of blooms that can shift colour with soil pH. Provide bright, indirect light for best growth and colour. Keep soil evenly moist and never let it dry out completely. Very thirsty; check soil moisture daily and never let it wilt for long. Keep away from pets and children, as this plant is toxic if ingested.",TRUE,,Indoor Flowering,23f81e_3751d8fb13874892b6e9a2b953395c8c~mv2.jpg
"6"" Amaryllis - Assorted",3115600000,"6""","A dramatic flowering bulb that produces towering stems topped with enormous, trumpet-shaped blooms - a holiday classic. Provide bright, indirect light for best growth and colour. Water when the top inch of soil feels dry, then allow to drain freely. Keep away from pets and children, as this plant is toxic if ingested.",TRUE,,Christmas,23f81e_ad9ee2f8a4b142efa21b789d568c49e8~mv2.jpg
"6"" Jasmine Hoop",3115606500,"6""","A fragrant flowering vine or shrub covered in small, sweetly scented white star-shaped blooms. Prefers bright light with some direct sun each day. Water when the top inch of soil feels dry, then allow to drain freely. Pet friendly and non-toxic if ingested.",TRUE,,Indoor Flowering,23f81e_5a271aeabac7446e9062ff8df7da44c5~mv2.jpg
"6"" Kalanchoe",3115620000,"6""","A cheerful, long-blooming succulent with clusters of small, bright flowers atop glossy, scalloped leaves. Prefers bright light with some direct sun each day. Allow the soil to dry out between waterings; overwatering is the most common cause of trouble. Keep away from pets and children, as this plant is toxic if ingested.",TRUE,,Indoor Flowering,23f81e_d20110fa89824257819e8f70b6ea0ab2~mv2.jpg;23f81e_ef19040bd5a245b2a35a41dcf24512f7~mv2.jpg;23f81e_7d6e029caa98411daf2ae3056494dfb3~mv2.jpg;23f81e_7d476f2054d5428aa0cbd1a54dfb84c6~mv2.jpg
"6"" Hybrid Lily",3115630000,"6""","An elegant flowering bulb plant with large, showy, often fragrant trumpet-shaped blooms. Provide bright, indirect light for best growth and colour. Water when the top inch of soil feels dry, then allow to drain freely. Keep away from pets and children, as this plant is toxic if ingested.",TRUE,,Indoor Flowering,23f81e_3b26793e3fdf4f25915a4f5fb48befd4~mv2.jpg;23f81e_627f6106063746d8abdc8ba7a260d867~mv2.jpg
"6"" Oriental Lily",3115640000,"6""","An elegant flowering bulb plant with large, fragrant, showy blooms. Provide bright, indirect light for best growth and colour. Water when the top inch of soil feels dry, then allow to drain freely. Keep away from pets and children, as this plant is toxic if ingested.",TRUE,,Indoor Flowering,23f81e_2bd9e6a94c1c4853b8d3abc5d555e413~mv2.jpg
"6"" Easter Lily",3115640000,"6""","A classic springtime symbol with large, fragrant, pure white trumpet blooms. Provide bright, indirect light for best growth and colour. Water when the top inch of soil feels dry, then allow to drain freely. Keep away from pets and children, as this plant is toxic if ingested.",TRUE,,Easter,23f81e_8f782b129b4845679d676832adaa524c~mv2.jpg
"6"" Dipladenia / Mandevilla Trellis",3115695000,"6""","Also known as Mandevilla, a vigorous flowering vine with glossy leaves and large, trumpet-shaped blooms. Needs full sun (6+ hours of direct light daily) to perform its best. Water when the top inch of soil feels dry, then allow to drain freely. Keep away from pets and children, as this plant is toxic if ingested.",TRUE,,Outdoor Items,23f81e_ba62ace96be540f89ac28a64acdb0da8~mv2.jpg;23f81e_f4a8e39a6e4c424fa571730673e488f3~mv2.jpg
"6"" Daffodil - Bridal Crown",3115700200,"6""","A cheerful spring bulb with bright, trumpet-shaped blooms and strappy foliage. Provide bright, indirect light for best growth and colour. Water when the top inch of soil feels dry, then allow to drain freely. Keep away from pets and children, as this plant is toxic if ingested.",TRUE,,Indoor Flowering,23f81e_c784b407ceb94a8d8cb128b3ae6c16ea~mv2.jpg
"2"" Sanseveria Boncel",3115740000,"2""","The classic Snake Plant, prized for its stiff, upright, sculptural leaves and near-indestructible nature. Tolerates low to medium light, making it a forgiving choice for offices and low-light corners. Water sparingly and only once the soil is completely dry; excellent drainage is essential. Tolerates low light and infrequent watering, making it ideal for beginners. Keep away from pets and children, as this plant is toxic if ingested.",FALSE,,Tropical Plants;,23f81e_c14f39795c0e435b99de22e0490f3f8f~mv2.jpg
"6"" Martha Washington",3115760000,"6""","A showy geranium relative with large, ruffled, richly patterned blooms. Prefers bright light with some direct sun each day. Water when the top inch of soil feels dry, then allow to drain freely. Keep away from pets and children, as this plant is toxic if ingested.",TRUE,,Outdoor Items,23f81e_d07921975e6b4450aada9c8aec3db3d9~mv2.jpg
"6"" Chinese Lantern",3115770000,"6""","A quirky ornamental grown for its papery, bright orange, lantern-shaped seed pods. Prefers bright light with some direct sun each day. Water when the top inch of soil feels dry, then allow to drain freely. Keep away from pets and children, as this plant is toxic if ingested.",FALSE,,Indoor Flowering,23f81e_bd90c036df76460e9471291e3b352bba~mv2.jpg
"6"" Rieger Begonia",3115800000,"6""","A versatile, ornamental plant grown for its striking foliage and/or clusters of cheerful flowers. Thrives in medium to bright indirect light; avoid harsh, direct midday sun. Water when the top inch of soil feels dry, then allow to drain freely. Let the soil surface dry slightly between waterings and avoid wetting the leaves. Keep away from pets and children, as this plant is toxic if ingested.",TRUE,,Indoor Flowering,23f81e_aee45e76aa124fee9c53fc18a8e1ba7a~mv2.jpg;23f81e_20ef602dd9dc40edb1864deb50922008~mv2.jpg;23f81e_59e47a2cd5504e448af95d4702ec0eeb~mv2.jpg;23f81e_a6001023d8fb498aa25804ffb0a233a1~mv2.jpg
"6"" Azalea",3115820000,"6""","A classic flowering shrub that puts on a spectacular springtime display of ruffled blooms. Provide bright, indirect light for best growth and colour. Keep soil evenly moist and never let it dry out completely. Prefers acidic, well-drained soil and cool room temperatures. Keep away from pets and children, as this plant is toxic if ingested.",TRUE,,Christmas,23f81e_6d0719c859a4404291463c04ce2150b2~mv2.jpg;23f81e_b628c7dd309747619128fc4ea8eb7695~mv2.jpg;23f81e_2ded998046314fa3be46043f6df0437e~mv2.jpg
"6"" Roses",3115870000,"6""","A timeless flowering favourite with lush, layered blooms and a classic fragrance. Needs full sun (6+ hours of direct light daily) to perform its best. Water when the top inch of soil feels dry, then allow to drain freely. Pet friendly and non-toxic if ingested.",TRUE,,Indoor Flowering,23f81e_c2f59ba3e74f425a830af3749ff3147a~mv2.jpg;23f81e_7795e82df50341efac6d42c2379dac80~mv2.jpg;23f81e_2fb953cf709e43f8a6acb8ccb2096b2f~mv2.jpg
"6"" Tulip",3115980000,"6""","A classic spring bulb with smooth, cup-shaped blooms in a huge range of colours. Provide bright, indirect light for best growth and colour. Water when the top inch of soil feels dry, then allow to drain freely. Keep away from pets and children, as this plant is toxic if ingested.",TRUE,,Indoor Flowering,23f81e_96c429804dd14b05a6c0de01b0fef1c0~mv2.jpg;23f81e_6d72b9d42c664a3599b181b264478a6b~mv2.jpg
"6"" Calla Lily - Assorted",3115990000,"6""","An elegant flowering plant with sleek, trumpet-shaped blooms and glossy, arrow-shaped leaves. Provide bright, indirect light for best growth and colour. Keep soil evenly moist and never let it dry out completely. Keep away from pets and children, as this plant is toxic if ingested.",TRUE,,Indoor Flowering,23f81e_7d5c54c7dddb42db82b45b61f9fe9b26~mv2.jpg;23f81e_6ea2a23fdd4e421b9685e019559523ec~mv2.jpg
"6"" Jasmine - Bush",3118606500,"6""","A fragrant flowering vine or shrub covered in small, sweetly scented white star-shaped blooms. Prefers bright light with some direct sun each day. Water when the top inch of soil feels dry, then allow to drain freely. Pet friendly and non-toxic if ingested.",TRUE,,Indoor Flowering,23f81e_6222592041884b17a8f0a34336213aa0~mv2.jpg
"10"" Mixed Spring Basket",3125125000,"10""","A ready-made hanging basket mixing seasonal spring bloomers for instant colour. Prefers bright light with some direct sun each day. Water regularly to keep the root zone consistently moist, especially during hot weather. Pet friendly and non-toxic if ingested.",TRUE,,Outdoor Items,23f81e_8e3251864eb744ee99cc87cc2e88fad3~mv2.jpg
"10"" Fuchsia basket",3125450000,"10""","A graceful, shade-loving bloomer with elegant, dangling, bicolour flowers, beloved by hummingbirds. Grows best in part sun to light shade. Keep soil evenly moist and never let it dry out completely. Keep away from pets and children, as this plant is toxic if ingested.",TRUE,,Outdoor Items,23f81e_bd138462ebff4ab7907f88061fdaa740~mv2.jpg
"10"" Patio Gerbera",3125500000,"10""","A cheerful, compact daisy relative bred for containers and patio display. Prefers bright light with some direct sun each day. Water when the top inch of soil feels dry, then allow to drain freely. Pet friendly and non-toxic if ingested.",TRUE,,Outdoor Items,23f81e_5729a697c0494e6287fa8b9d3ae7e366~mv2.jpg
"10"" Begonia Basket",3125505900,"10""","A versatile, ornamental plant grown for its striking foliage and/or clusters of cheerful flowers. Thrives in medium to bright indirect light; avoid harsh, direct midday sun. Water when the top inch of soil feels dry, then allow to drain freely. Let the soil surface dry slightly between waterings and avoid wetting the leaves. Keep away from pets and children, as this plant is toxic if ingested.",TRUE,,Outdoor Items,23f81e_3581cfcbf56c4c6ea6ca12655cb11d44~mv2.jpeg;23f81e_b0bfb9f77f08491098e91ed54c05c120~mv2.jpeg
"12"" Zonal Geranium",3125740000,"12""","A reliable, sun-loving bloomer with rounded leaves and clusters of bright, long-lasting flowers. Needs full sun (6+ hours of direct light daily) to perform its best. Water when the top inch of soil feels dry, then allow to drain freely. Keep away from pets and children, as this plant is toxic if ingested.",TRUE,,Outdoor Items,23f81e_88294b2f28a941e085ec28340dd26846~mv2.jpeg
"10"" Zonal Geranium Planter",3125760000,"10""","A reliable, sun-loving bloomer with rounded leaves and clusters of bright, long-lasting flowers. Needs full sun (6+ hours of direct light daily) to perform its best. Water when the top inch of soil feels dry, then allow to drain freely. Keep away from pets and children, as this plant is toxic if ingested.",TRUE,,Outdoor Items,23f81e_4729a46f23ee4521abc459fbe2a55eed~mv2.jpeg;23f81e_d6ed711726d8418c8aa4969cd23d9bc9~mv2.jpeg
"10"" Tulip",3125980000,"10""","A classic spring bulb with smooth, cup-shaped blooms in a huge range of colours. Provide bright, indirect light for best growth and colour. Water when the top inch of soil feels dry, then allow to drain freely. Keep away from pets and children, as this plant is toxic if ingested.",TRUE,,Indoor Flowering,23f81e_52093f9d3137489baddc7af5c5a64aa9~mv2.jpg
"12"" Spring Basket",3130125000,"12""","A ready-made hanging basket mixing seasonal spring bloomers for instant colour. Prefers bright light with some direct sun each day. Water regularly to keep the root zone consistently moist, especially during hot weather. Pet friendly and non-toxic if ingested.",TRUE,,Outdoor Items,23f81e_39c71d7f21da42deae6eb1b887d374d4~mv2.jpg;23f81e_9da190d7bdad4216b803dae483e49876~mv2.jpg
"10"" New Guinea Impatiens H.B",3130605100,"10""","A sun-tolerant impatiens variety with vivid blooms and glossy, often bronze-tinted foliage. Grows best in part sun to light shade. Keep soil evenly moist and never let it dry out completely. Pet friendly and non-toxic if ingested. Grown and shaped for hanging basket display.",TRUE,,Outdoor Items,23f81e_e86ae6d496aa40ff8467b4313e83a865~mv2.jpg;23f81e_9ae54bc224234b458e5bb01ff7f33531~mv2.jpg
"4"" Sanseveria Mikado",3315593900,"4""","The classic Snake Plant, prized for its stiff, upright, sculptural leaves and near-indestructible nature. Tolerates low to medium light, making it a forgiving choice for offices and low-light corners. Water sparingly and only once the soil is completely dry; excellent drainage is essential. Tolerates low light and infrequent watering, making it ideal for beginners. Keep away from pets and children, as this plant is toxic if ingested.",TRUE,,Tropical Plants;,23f81e_deef923f57584cd1aed359614577f8c5~mv2.jpg
"4"" Ferns - Assortment",4110000000,"4""","An easy, air-purifying fern with lush, textured fronds that thrives in humid, shaded conditions. Tolerates low to medium light, making it a forgiving choice for offices and low-light corners. Keep soil evenly moist and never let it dry out completely. Pet friendly and non-toxic if ingested.",TRUE,,Tropical Plants;,23f81e_7a9aad50fe66498f83284a49c8ddae99~mv2.jpg
"4"" Maidenhair Fern - Rosy",4110019800,"4""","A delicate fern with fine, fan-shaped leaflets on wiry black stems; a touch more particular than most ferns. Thrives in medium to bright indirect light; avoid harsh, direct midday sun. Keep soil evenly moist and never let it dry out completely. Loves humidity and should never be allowed to dry out. Pet friendly and non-toxic if ingested.",FALSE,,Tropical Plants;,23f81e_6c9b9154fb414f4e98271ca2f893e393~mv2.jpg
"4"" Birdsnest Fern",4110020000,"4""","A tropical fern with broad, glossy, ripple-edged fronds that form an attractive rosette. Tolerates low to medium light, making it a forgiving choice for offices and low-light corners. Keep soil evenly moist and never let it dry out completely. Pet friendly and non-toxic if ingested.",TRUE,,Tropical Plants;,23f81e_c1f23cf7aef842da9ad22508ac0565a2~mv2.jpg
"4"" Australian Sword Fern",4110070600,"4""","A lush, upright fern with long, sword-shaped fronds and a full, graceful habit. Tolerates low to medium light, making it a forgiving choice for offices and low-light corners. Keep soil evenly moist and never let it dry out completely. Pet friendly and non-toxic if ingested.",TRUE,,Tropical Plants;,23f81e_7d4512ad45144c73924dc2c3de942c63~mv2.jpg
"4"" Boston Fern",4110071000,"4""","A classic, full and feathery fern with arching fronds, perfect for hanging baskets or shaded porches. Thrives in medium to bright indirect light; avoid harsh, direct midday sun. Keep soil evenly moist and never let it dry out completely. Appreciates humidity and regular misting. Pet friendly and non-toxic if ingested.",TRUE,,Tropical Plants;,23f81e_071b9b9008f04a9892ec705c28fce507~mv2.jpg
"4"" Korean Rock Fern",4110080000,"4""","A compact, textured fern with finely cut, leathery fronds well suited to indoor pots. Thrives in medium to bright indirect light; avoid harsh, direct midday sun. Keep soil evenly moist and never let it dry out completely. Pet friendly and non-toxic if ingested.",TRUE,,Tropical Plants;,23f81e_20525d33122b4a3f95a44666b07bee9d~mv2.jpg
"4"" Kangaroo Fern",4110080500,"4""","A charming fern with thick, rounded, leathery fronds and a naturally trailing habit. Thrives in medium to bright indirect light; avoid harsh, direct midday sun. Keep soil evenly moist and never let it dry out completely. Pet friendly and non-toxic if ingested.",TRUE,,Tropical Plants;,23f81e_7694549d25b241529d818490beabff3d~mv2.jpg
"4"" Staghorn Fern",4110081000,"4""","A striking epiphytic fern with antler-shaped fronds, traditionally mounted or grown in a hanging basket. Thrives in medium to bright indirect light; avoid harsh, direct midday sun. Water when the top inch of soil feels dry, then allow to drain freely. In the wild it grows on trees, so good drainage and airflow around the roots are important. Pet friendly and non-toxic if ingested.",TRUE,,Tropical Plants;,23f81e_e58b4e08139e444e97dddd9ebb9b90d4~mv2.jpg
"4"" Blue Star Fern",4110095000,"4""","A hardy, easy-care fern with unusual blue-green, wavy-edged fronds. Tolerates low to medium light, making it a forgiving choice for offices and low-light corners. Water when the top inch of soil feels dry, then allow to drain freely. Pet friendly and non-toxic if ingested.",TRUE,,Tropical Plants;,23f81e_db154efe5dd448408017d84b2b4a78ca~mv2.jpg
"4"" Pteris-Wimsetti  Fern",4110095000,"4""","A crested, ribbon-leaved fern (Table Fern) with striking texture, ideal for terrariums and shaded spots. Tolerates low to medium light, making it a forgiving choice for offices and low-light corners. Keep soil evenly moist and never let it dry out completely. Pet friendly and non-toxic if ingested.",TRUE,,Tropical Plants;,23f81e_5597a704c0e849f6b3dcf99b22e68842~mv2.jpg
"6"" Ferns - Assorted",4115000000,"6""","An easy, air-purifying fern with lush, textured fronds that thrives in humid, shaded conditions. Tolerates low to medium light, making it a forgiving choice for offices and low-light corners. Keep soil evenly moist and never let it dry out completely. Pet friendly and non-toxic if ingested.",TRUE,,Tropical Plants;,23f81e_61bd40ccf8dd4cac93fda7265a12b356~mv2.jpg
"6"" Maidenhair Fern",4115011000,"6""","A delicate fern with fine, fan-shaped leaflets on wiry black stems; a touch more particular than most ferns. Thrives in medium to bright indirect light; avoid harsh, direct midday sun. Keep soil evenly moist and never let it dry out completely. Loves humidity and should never be allowed to dry out. Pet friendly and non-toxic if ingested.",TRUE,,Tropical Plants;,23f81e_2bb73b1afcba4cc580f37bd30c300e3c~mv2_d_2667_2000_s_2.jpg
"4"" Fluffy Ruffle Fern",4115024000,"4""","A frilly, densely ruffled fern variety with soft, textured fronds. Thrives in medium to bright indirect light; avoid harsh, direct midday sun. Keep soil evenly moist and never let it dry out completely. Pet friendly and non-toxic if ingested.",TRUE,,Tropical Plants;,23f81e_ff0f16a079144c5c99f378e4450b38e4~mv2.jpg
"6"" Button Fern",4115080000,"6""","A dainty, compact fern with rounded, button-like leaflets on gently arching fronds. Thrives in medium to bright indirect light; avoid harsh, direct midday sun. Keep soil evenly moist and never let it dry out completely. Pet friendly and non-toxic if ingested.",TRUE,,Tropical Plants;,23f81e_7b05582085174e76853322b667846557~mv2.jpg
"6"" Staghorn Fern",4115081000,"6""","A striking epiphytic fern with antler-shaped fronds, traditionally mounted or grown in a hanging basket. Thrives in medium to bright indirect light; avoid harsh, direct midday sun. Water when the top inch of soil feels dry, then allow to drain freely. In the wild it grows on trees, so good drainage and airflow around the roots are important. Pet friendly and non-toxic if ingested.",TRUE,,Tropical Plants;,23f81e_363cb297398042158cabe53260b88225~mv2.jpg
"6"" Blue Star Fern",4115082200,"6""","A hardy, easy-care fern with unusual blue-green, wavy-edged fronds. Tolerates low to medium light, making it a forgiving choice for offices and low-light corners. Water when the top inch of soil feels dry, then allow to drain freely. Pet friendly and non-toxic if ingested.",TRUE,,Tropical Plants;,23f81e_da3fbfc3dd8741e6b3629db3000d4bbe~mv2_d_2667_2000_s_2.jpg
"8"" Kangaroo Fern",4120060000,"8""","A charming fern with thick, rounded, leathery fronds and a naturally trailing habit. Thrives in medium to bright indirect light; avoid harsh, direct midday sun. Keep soil evenly moist and never let it dry out completely. Pet friendly and non-toxic if ingested.",TRUE,,Tropical Plants;,23f81e_8b465122bb6b470eb0429871abb8aa73~mv2_d_2667_2000_s_2.jpg
"8"" Boston Fern H.B.",4120069900,"8""","A classic, full and feathery fern with arching fronds, perfect for hanging baskets or shaded porches. Thrives in medium to bright indirect light; avoid harsh, direct midday sun. Keep soil evenly moist and never let it dry out completely. Appreciates humidity and regular misting. Pet friendly and non-toxic if ingested. Grown and shaped for hanging basket display.",TRUE,,Tropical Plants;,23f81e_f76de049a62d49709ec4a118742601fb~mv2.jpg
"10"" Boston Fern H.B",4125071000,"10""","A classic, full and feathery fern with arching fronds, perfect for hanging baskets or shaded porches. Thrives in medium to bright indirect light; avoid harsh, direct midday sun. Keep soil evenly moist and never let it dry out completely. Appreciates humidity and regular misting. Pet friendly and non-toxic if ingested. Grown and shaped for hanging basket display.",TRUE,,Tropical Plants;,23f81e_a3962eee01964108bf2804505ea3c2fe~mv2.jpg
"2"" Cacti - Assorted",5106000000,"2""","A hardy, low-maintenance desert plant collection, prized for striking sculptural forms and minimal care needs. Give it as much bright light as possible, including several hours of direct sun. Water sparingly and only once the soil is completely dry; excellent drainage is essential. Pet friendly and non-toxic if ingested.",TRUE,,Cacti & Succulents,23f81e_56292bfd6aa145a2bf313bc0c1372422~mv2.jpg
"4"" Cacti - Assorted",5110000000,"4""","A hardy, low-maintenance desert plant collection, prized for striking sculptural forms and minimal care needs. Give it as much bright light as possible, including several hours of direct sun. Water sparingly and only once the soil is completely dry; excellent drainage is essential. Pet friendly and non-toxic if ingested.",FALSE,,Cacti & Succulents,23f81e_a65bf217da7b45deb5a8e47e7f75515c~mv2.jpg
"4"" Cacti",5110000000,"4""","A hardy, low-maintenance desert plant collection, prized for striking sculptural forms and minimal care needs. Give it as much bright light as possible, including several hours of direct sun. Water sparingly and only once the soil is completely dry; excellent drainage is essential. Pet friendly and non-toxic if ingested.",TRUE,,Cacti & Succulents,23f81e_61b579fb61ae4e23b2ad22263f8bc451~mv2.jpg;23f81e_b3761c6bdccb4026ac44b04c5669c14d~mv2.jpg
"4"" Vegetables - Assorted",5110088000,"4""","A garden-ready vegetable start for growing fresh produce at home. Needs full sun (6+ hours of direct light daily) to perform its best. Water regularly to keep the root zone consistently moist, especially during hot weather. Pet friendly and non-toxic if ingested.",TRUE,,Outdoor Items,23f81e_9133a6b3ce8f4006a345fe1541981741~mv2.jpg
"4"" Fishbone Cactus",5110194200,"4""","An unusual epiphytic cactus with zigzagging, fishbone-shaped stems and a graceful trailing habit. Provide bright, indirect light for best growth and colour. Allow the soil to dry out between waterings; overwatering is the most common cause of trouble. Pet friendly and non-toxic if ingested.",TRUE,,Tropical Plants;,db81aa_a7794f49cfd0480fab170f91f6218b41~mv2.jpg
"2"" Echeveria - Assorted",5506050000,"2""","A rosette-forming succulent with plump, colourful leaves arranged in a beautiful geometric pattern. Give it as much bright light as possible, including several hours of direct sun. Water sparingly and only once the soil is completely dry; excellent drainage is essential. Pet friendly and non-toxic if ingested.",TRUE,,Cacti & Succulents,23f81e_d6f093165fa646418ba7224409028da8~mv2.jpg;23f81e_d80a7c41d47b465f996fd231089f4888~mv2.jpg;23f81e_45fe5d2b41a0498f9484aaebb7111180~mv2.jpg;23f81e_4f955fdba3124de1bc778fc7a9971ea1~mv2.jpg
"2"" Succulents - Assorted",5510000000,"2""","A water-wise, low-maintenance plant with thick, fleshy leaves in a range of forms and colours. Give it as much bright light as possible, including several hours of direct sun. Water sparingly and only once the soil is completely dry; excellent drainage is essential. Pet friendly and non-toxic if ingested.",TRUE,,Cacti & Succulents,23f81e_24e394b4a8654b5b9133e7f2b4ab6505~mv2.jpg
"4"" Succulents - Assorted",5510000000,"4""","A water-wise, low-maintenance plant with thick, fleshy leaves in a range of forms and colours. Give it as much bright light as possible, including several hours of direct sun. Water sparingly and only once the soil is completely dry; excellent drainage is essential. Pet friendly and non-toxic if ingested.",TRUE,,Cacti & Succulents,23f81e_67b196dcbfcb4da0b5bcbd8f784f92a3~mv2.jpg;23f81e_b10613d355d84ce88ac0ecfaf9624be8~mv2.jpg;23f81e_c82294fc36024482b01ebedd524894e0~mv2.jpg;23f81e_e27b86d719184c0a91910d3d4f50e399~mv2.jpg;23f81e_b3592a93c6014733bb14e20c5b8a9dc8~mv2.jpg;23f81e_4fd2c9e63fd84684b3088ed4342d2d27~mv2.jpg;23f81e_121541b776bb46d28a4623b00655bd6f~mv2.jpg;23f81e_605dbfd448c9483fa685757bd0c8e8cc~mv2.jpg;23f81e_c7d3bfc2ae364d7e988c33abbf64178e~mv2.jpg;23f81e_2fe65c6740a64156824caa2cd26b5cf9~mv2.jpg;23f81e_11f78ba281a24553862c9a496d1e91f9~mv2.jpg;23f81e_d262e9f4fccc4844b1a676688890a2d3~mv2.jpg;23f81e_262e4c7a99004e8b8c757dc8428c05ae~mv2.jpg;23f81e_aa33d2a8918c4b038ce09c93fc063e55~mv2.jpg;23f81e_63812c5fd65b412dbbd35e0484858cd0~mv2.jpg
"4"" Aloe Vera",5510016000,"4""","A well-known medicinal succulent with thick, spiny-edged leaves filled with soothing gel. Prefers bright light with some direct sun each day. Water sparingly and only once the soil is completely dry; excellent drainage is essential. A handy plant to keep in the kitchen for minor burns and skin care. Pet friendly and non-toxic if ingested.",TRUE,,Tropical Plants;,23f81e_5a845f2de8144375943b6d5d87399159~mv2_d_3000_2000_s_2.jpg
"4"" Jade",5510030000,"4""","A classic, easy-care succulent with thick, glossy, coin-shaped leaves on woody stems. Prefers bright light with some direct sun each day. Water sparingly and only once the soil is completely dry; excellent drainage is essential. Can live for decades and is easily propagated from a single leaf. Keep away from pets and children, as this plant is toxic if ingested.",FALSE,,Cacti & Succulents,
"4"" Echeveria - Assorted",5510050000,"4""","A rosette-forming succulent with plump, colourful leaves arranged in a beautiful geometric pattern. Give it as much bright light as possible, including several hours of direct sun. Water sparingly and only once the soil is completely dry; excellent drainage is essential. Pet friendly and non-toxic if ingested.",TRUE,,Cacti & Succulents,23f81e_86089561d4b949cd8a79e4a886dc588a~mv2.jpg;23f81e_5230f45be5664a928564dfb95c2f5a23~mv2.jpg;23f81e_39a62e5852e641b88a404f1c8a7305fa~mv2.jpg
"4"" Hawarthia",5510060000,"4""","A compact, patterned succulent with firm, dark green leaves often marked with white striping or bumps. Provide bright, indirect light for best growth and colour. Water sparingly and only once the soil is completely dry; excellent drainage is essential. Pet friendly and non-toxic if ingested.",TRUE,,Cacti & Succulents,23f81e_d12d46c3c92f47bbbcc72a137a49fe0f~mv2.jpg
"6"" Aloe Vera",5515016000,"6""","A well-known medicinal succulent with thick, spiny-edged leaves filled with soothing gel. Prefers bright light with some direct sun each day. Water sparingly and only once the soil is completely dry; excellent drainage is essential. A handy plant to keep in the kitchen for minor burns and skin care. Pet friendly and non-toxic if ingested.",TRUE,,Cacti & Succulents,23f81e_75d219fa8c444ee4ad3f60304990fe11~mv2.jpg
"6"" Jade - Regular",5515030000,"6""","A classic, easy-care succulent with thick, glossy, coin-shaped leaves on woody stems. Prefers bright light with some direct sun each day. Water sparingly and only once the soil is completely dry; excellent drainage is essential. Can live for decades and is easily propagated from a single leaf. Keep away from pets and children, as this plant is toxic if ingested.",TRUE,,Cacti & Succulents,23f81e_8fb483c232724ed08920851b053a7b43~mv2.jpg
"4"" Hens and Chicks",6110195000,"4""","A cold-hardy, rosette-forming succulent that spreads via small offset ""chicks"" around the central ""hen."" Needs full sun (6+ hours of direct light daily) to perform its best. Water sparingly and only once the soil is completely dry; excellent drainage is essential. Pet friendly and non-toxic if ingested.",TRUE,,Outdoor Items,23f81e_22fdfdff86cb4c348b609c0ba434a33b~mv2.jpg
"4"" Lavender",6610400000,"4""","A fragrant, drought-tolerant perennial with silvery foliage and spikes of aromatic purple flowers. Needs full sun (6+ hours of direct light daily) to perform its best. Very drought tolerant once established and needs only occasional watering. Pet friendly and non-toxic if ingested.",TRUE,,Outdoor Items,23f81e_2260053c83cc41efa3905bc8a4a4bf47~mv2.jpg
"4"" Bacopa",6610505000,"4""","A dainty, spreading annual covered in tiny star-shaped flowers, ideal for spilling over container edges. Needs full sun (6+ hours of direct light daily) to perform its best. Water regularly to keep the root zone consistently moist, especially during hot weather. Pet friendly and non-toxic if ingested.",FALSE,,Outdoor Items,23f81e_8e70ca7f25e3452b87a5c61f195a100c~mv2.jpg
"4"" Bidens",6610506600,"4""","A cheerful, free-flowering annual with bright yellow, daisy-like blooms and a trailing habit. Needs full sun (6+ hours of direct light daily) to perform its best. Water regularly to keep the root zone consistently moist, especially during hot weather. Pet friendly and non-toxic if ingested.",FALSE,,Outdoor Items,23f81e_92ab70c532774215a8d034012245cc39~mv2.jpg
"4"" Scotch Heather",6610507000,"4""","A compact, cold-tolerant flowering shrub covered in tiny, dense blooms, popular for seasonal colour. Needs full sun (6+ hours of direct light daily) to perform its best. Keep soil evenly moist and never let it dry out completely. Pet friendly and non-toxic if ingested.",TRUE,,Indoor Flowering,23f81e_b8fe95b183454da39f7bda2c7a42a3ab~mv2.jpg
"4"" Heather - Erica Assorted",6610507000,"4""","A compact, cold-tolerant flowering shrub covered in tiny, dense blooms, popular for seasonal colour. Needs full sun (6+ hours of direct light daily) to perform its best. Keep soil evenly moist and never let it dry out completely. Pet friendly and non-toxic if ingested.",TRUE,,Indoor Flowering,23f81e_08008b20bfce497d95b39ceccbe9a83e~mv2.jpg
"4"" Dahlia",6610512700,"4""","A show-stopping summer bloomer with large, intricately layered flowers in vivid colours. Needs full sun (6+ hours of direct light daily) to perform its best. Water regularly to keep the root zone consistently moist, especially during hot weather. Pet friendly and non-toxic if ingested.",TRUE,,Outdoor Items,23f81e_cf9e51fd6faa4c4691ca484d4a041ab4~mv2.jpg
"4"" Dianthus - Kahori",6610515100,"4""","A fragrant, cottage-garden favourite with fringed, colourful blooms above grassy blue-green foliage. Needs full sun (6+ hours of direct light daily) to perform its best. Water regularly to keep the root zone consistently moist, especially during hot weather. Pet friendly and non-toxic if ingested.",TRUE,,Outdoor Items,23f81e_a7f89bdb02c24add937b8acabb5430ec~mv2.jpg
"4"" Grasses - Ornamental",6610522200,"4""","A textural ornamental grass that adds movement and structure to garden beds and containers. Needs full sun (6+ hours of direct light daily) to perform its best. Water when the top inch of soil feels dry, then allow to drain freely. Pet friendly and non-toxic if ingested.",TRUE,,Outdoor Items,23f81e_80cb805533164d8cab6309df16cafebc~mv2.jpg
"4"" Miniature Hostas",6610525000,"4""","A petite hosta variety grown for its lush, compact, shade-loving foliage. Best suited to shade or filtered light; protect from strong direct sun. Keep soil evenly moist and never let it dry out completely. Keep away from pets and children, as this plant is toxic if ingested.",TRUE,,Outdoor Items,23f81e_2de647b95d9946959ec44437ddb67e7c~mv2.jpg
"4"" Ipomoea - Potato Vine - Lime",6610526000,"4""","Also known as Potato Vine, a fast-growing trailing plant with bright, colourful heart-shaped leaves. Needs full sun (6+ hours of direct light daily) to perform its best. Water when the top inch of soil feels dry, then allow to drain freely. Pet friendly and non-toxic if ingested.",TRUE,,Outdoor Items,23f81e_8b0f5774b2424946b95a2a1bb63eb91f~mv2.jpg
"4"" Marigold",6610550000,"4""","A cheerful, easy-care annual with bright, ruffled blooms that help deter garden pests. Needs full sun (6+ hours of direct light daily) to perform its best. Water regularly to keep the root zone consistently moist, especially during hot weather. Keep away from pets and children, as this plant is toxic if ingested.",TRUE,,Outdoor Items,23f81e_ce2d496784564615a0c58691eca6b7d0~mv2.jpg
"4"" Osteospermum - African Daisy",6610559500,"4""","Also called African Daisy, a cheerful, sun-loving bloomer with bright, daisy-like flowers. Needs full sun (6+ hours of direct light daily) to perform its best. Water regularly to keep the root zone consistently moist, especially during hot weather. Pet friendly and non-toxic if ingested.",TRUE,,Outdoor Items,23f81e_c9ab952320d1477996dc6de2c5f158dd~mv2.jpg
"4"" Rosemary - Upright",6610567500,"4""","A fragrant, drought-tolerant culinary herb with needle-like leaves, equally at home in the garden or kitchen. Needs full sun (6+ hours of direct light daily) to perform its best. Very drought tolerant once established and needs only occasional watering. Pet friendly and non-toxic if ingested.",TRUE,,Outdoor Items,23f81e_3083b07de151429da7cc646fe37d33d6~mv2.jpg
"4"" Salvia - Blue",6610574000,"4""","A pollinator-friendly perennial with tall spikes of vivid blue or purple flowers. Needs full sun (6+ hours of direct light daily) to perform its best. Water regularly to keep the root zone consistently moist, especially during hot weather. Pet friendly and non-toxic if ingested.",TRUE,,Outdoor Items,23f81e_46b10868c6c6403e9d039da8e5514603~mv2.jpg
"4"" Dusty Miller",6610575800,"4""","A striking foliage plant with soft, silvery-white, lacy leaves that pair beautifully with any bloom colour. Needs full sun (6+ hours of direct light daily) to perform its best. Allow the soil to dry out between waterings; overwatering is the most common cause of trouble. Pet friendly and non-toxic if ingested.",TRUE,,Outdoor Items,23f81e_3901ced4399544dfb67ea2fd0491c9c3~mv2.jpg
"4"" Petunia - Cascading",6610576000,"4""","A prolific, easy-care annual that produces a nonstop flush of colourful trumpet-shaped blooms. Needs full sun (6+ hours of direct light daily) to perform its best. Water regularly to keep the root zone consistently moist, especially during hot weather. Pet friendly and non-toxic if ingested.",TRUE,,Outdoor Items,23f81e_f6a978f7b2fb45aaae17743c41ae3713~mv2.jpg
"4"" Calibrachoa",6610576500,"4""","A compact, mounding annual covered in tiny, petunia-like blooms all summer long. Needs full sun (6+ hours of direct light daily) to perform its best. Water regularly to keep the root zone consistently moist, especially during hot weather. Pet friendly and non-toxic if ingested.",TRUE,,Outdoor Items,23f81e_cbef4e49b2ee4b0192f208d79d045890~mv2.jpg
"4"" Balloon Flower",6610577500,"4""","A charming perennial with buds that inflate like tiny balloons before opening into star-shaped blooms. Prefers bright light with some direct sun each day. Water when the top inch of soil feels dry, then allow to drain freely. Pet friendly and non-toxic if ingested.",TRUE,,Indoor Flowering,23f81e_60842e4be0644950b5460f01e6cf8d69~mv2.jpg
"4"" Pansy - Assorted",6610584000,"4""","A cool-season favourite with cheerful, face-like blooms in a wide range of colours. Needs full sun (6+ hours of direct light daily) to perform its best. Keep soil evenly moist and never let it dry out completely. Pet friendly and non-toxic if ingested.",TRUE,,Outdoor Items,23f81e_798934fca07848c3bd192ef6119bb094~mv2.jpg
"4"" Herbs - Assorted",6610585000,"4""","A selection of culinary herbs, ready to plant into a kitchen garden or container for fresh seasoning year-round. Needs full sun (6+ hours of direct light daily) to perform its best. Water when the top inch of soil feels dry, then allow to drain freely. Pet friendly and non-toxic if ingested.",TRUE,,Outdoor Items,23f81e_9f8397e901594e13a44b72f4de7fc040~mv2.jpg
1gal Columbine,6615500600,1gal,"A graceful cottage-garden perennial with distinctive spurred flowers in a range of colours. Grows best in part sun to light shade. Water regularly to keep the root zone consistently moist, especially during hot weather. Keep away from pets and children, as this plant is toxic if ingested.",TRUE,,Outdoor Items,23f81e_89da2bd13fe44cf78ac556db91f87daf~mv2.jpg;23f81e_4de196f04b0840458d9070f1eb5b8122~mv2.jpg
"6"" Scotch Heather",6615507000,"6""","A compact, cold-tolerant flowering shrub covered in tiny, dense blooms, popular for seasonal colour. Needs full sun (6+ hours of direct light daily) to perform its best. Keep soil evenly moist and never let it dry out completely. Pet friendly and non-toxic if ingested.",TRUE,,Indoor Flowering,23f81e_2c2f2e9328144d47a39c4f81f84e05d6~mv2.jpg
1 Gal Canna Lily,6615508000,1gal,"A bold, tropical-looking perennial with large paddle-shaped leaves and vivid, exotic blooms. Needs full sun (6+ hours of direct light daily) to perform its best. Keep soil evenly moist and never let it dry out completely. Pet friendly and non-toxic if ingested.",TRUE,,Outdoor Items,db81aa_9b91d58be62a4e23ba7f85b5fa5c8562~mv2.jpg
1 gal Shasta Daisy - White,6615508500,1gal,"A classic cottage-garden perennial with crisp white, yellow-centred daisy blooms. Needs full sun (6+ hours of direct light daily) to perform its best. Water regularly to keep the root zone consistently moist, especially during hot weather. Pet friendly and non-toxic if ingested.",TRUE,,Outdoor Items,23f81e_a3d565d222f848a2aea85e076deb2560~mv2.jpg
"6"" Coleus - HY. ""Kong""",6615509700,"6""","A vibrant foliage plant with richly patterned, multicoloured leaves that brighten shade gardens and containers. Grows best in part sun to light shade. Keep soil evenly moist and never let it dry out completely. Pet friendly and non-toxic if ingested.",TRUE,,Outdoor Items,23f81e_373a841daab842fd95f4c8028cd07117~mv2.jpg
1gal Echinacea - Assorted,6615520000,1gal,"Also known as Coneflower, a tough, pollinator-friendly perennial with daisy-like blooms and prominent centre cones. Needs full sun (6+ hours of direct light daily) to perform its best. Very drought tolerant once established and needs only occasional watering. Pet friendly and non-toxic if ingested.",TRUE,,Outdoor Items,23f81e_a8904ee7a25348a1bcd9d605eb35c028~mv2.jpg
1gal Gaura Belleza,6615520700,1gal,"A light, airy perennial with delicate, butterfly-shaped flowers on slender, wiry stems. Needs full sun (6+ hours of direct light daily) to perform its best. Water regularly to keep the root zone consistently moist, especially during hot weather. Pet friendly and non-toxic if ingested.",TRUE,,Outdoor Items,23f81e_9678df245f0d450699311b6917662fb4~mv2.jpg
1gal Hosta,6615525000,1gal,"A shade-garden staple grown for its lush, often variegated foliage and spikes of summer flowers. Best suited to shade or filtered light; protect from strong direct sun. Keep soil evenly moist and never let it dry out completely. Keep away from pets and children, as this plant is toxic if ingested.",TRUE,,Outdoor Items,23f81e_18babed4dee7479f9f932ae3b4d56f87~mv2.jpg;23f81e_2044a02788674fada6ada4b307d1b170~mv2.jpg;23f81e_95b392f111514d89ae6e94cde0413497~mv2.jpg;23f81e_22974640c92a4d3f9d563fd501f7d1c5~mv2.jpg
"6"" Sunflower",6615527500,"6""","A cheerful, sun-loving bloomer with a large, bold flower head that tracks the sun. Needs full sun (6+ hours of direct light daily) to perform its best. Water when the top inch of soil feels dry, then allow to drain freely. Pet friendly and non-toxic if ingested.",TRUE,,Indoor Flowering,23f81e_36377ae198c24b8780b3e4396205e84f~mv2.jpg
"6"" Helleborus",6615528000,"6""","Also known as Christmas or Lenten Rose, a cold-hardy perennial with elegant, nodding winter and early-spring blooms. Best suited to shade or filtered light; protect from strong direct sun. Keep soil evenly moist and never let it dry out completely. Keep away from pets and children, as this plant is toxic if ingested.",TRUE,,Christmas,23f81e_320c92b095764e6d9df5457bebb91415~mv2.jpg
1gal Rudbeckia,6615570000,1gal,"Also known as Black-Eyed Susan, a tough, cheerful perennial with golden daisy-like blooms. Needs full sun (6+ hours of direct light daily) to perform its best. Water regularly to keep the root zone consistently moist, especially during hot weather. Pet friendly and non-toxic if ingested.",TRUE,,Outdoor Items,23f81e_c3f33aa4c7ab4a6086422d5ba3598563~mv2.jpg
"4"" Grafted Cacti",6615730000,"4""","Colourful, top-grafted cacti combining a bright, mutant coloured cap on a hardy green rootstock. Give it as much bright light as possible, including several hours of direct sun. Water sparingly and only once the soil is completely dry; excellent drainage is essential. Pet friendly and non-toxic if ingested.",TRUE,,Cacti & Succulents,23f81e_41c5cc5d66ff4fbe8c6897a8b1cf9d7a~mv2.jpg
1 Gal Astilbe,6618504000,1gal,"A shade-loving perennial with feathery, plume-like flower spikes and finely cut foliage. Best suited to shade or filtered light; protect from strong direct sun. Keep soil evenly moist and never let it dry out completely. Pet friendly and non-toxic if ingested.",TRUE,,Outdoor Items,23f81e_eb9ff2c0d5cf4177986b318461380bf8~mv2.jpg
"4"" Sanseveria Boncel",6618505000,"4""","The classic Snake Plant, prized for its stiff, upright, sculptural leaves and near-indestructible nature. Tolerates low to medium light, making it a forgiving choice for offices and low-light corners. Water sparingly and only once the soil is completely dry; excellent drainage is essential. Tolerates low light and infrequent watering, making it ideal for beginners. Keep away from pets and children, as this plant is toxic if ingested.",TRUE,,Tropical Plants;,23f81e_6f761c58dd40449b9323e1ed66e72923~mv2.jpg
1 Gal Bleeding Heart,6618514000,1gal,"A romantic shade perennial with arching stems of heart-shaped pink or white flowers. Best suited to shade or filtered light; protect from strong direct sun. Keep soil evenly moist and never let it dry out completely. Keep away from pets and children, as this plant is toxic if ingested.",TRUE,,Outdoor Items,23f81e_aa1ecf10b21b418b8e085443757544d3~mv2.jpg
"8"" Spider - Reverse Stripe H.B",6618522200,"8""","A classic, easy-care houseplant with arching, striped foliage and dangling plantlets on long runners. Thrives in medium to bright indirect light; avoid harsh, direct midday sun. Water when the top inch of soil feels dry, then allow to drain freely. One of the most forgiving houseplants and a great choice for beginners. Pet friendly and non-toxic if ingested. Grown and shaped for hanging basket display.",TRUE,,Tropical Plants;,23f81e_555ad6950cb94b8f877dac3339344681~mv2.jpg
"8"" Lavender",6620539100,"8""","A fragrant, drought-tolerant perennial with silvery foliage and spikes of aromatic purple flowers. Needs full sun (6+ hours of direct light daily) to perform its best. Very drought tolerant once established and needs only occasional watering. Pet friendly and non-toxic if ingested.",TRUE,,Outdoor Items,23f81e_e96162c2e27c4f65978f611a10967360~mv2.jpg
"6"" Variegated Flax",7006733200,"6""","A bold, strappy-leaved perennial with striking variegated, sword-shaped foliage. Needs full sun (6+ hours of direct light daily) to perform its best. Water when the top inch of soil feels dry, then allow to drain freely. Pet friendly and non-toxic if ingested.",TRUE,,Outdoor Items,23f81e_59fb8a418ed0488e9affac9d8b59cf87~mv2.jpg
"4"" Tomatoes - Assorted",7006782100,"4""","A garden-ready vegetable start for growing your own fresh, homegrown tomatoes. Needs full sun (6+ hours of direct light daily) to perform its best. Water regularly to keep the root zone consistently moist, especially during hot weather. Pet friendly and non-toxic if ingested.",TRUE,,Outdoor Items,23f81e_d216667040754ec7a34e8525bd636661~mv2.jpg
"6"" Dahlia",7006934900,"6""","A show-stopping summer bloomer with large, intricately layered flowers in vivid colours. Needs full sun (6+ hours of direct light daily) to perform its best. Water regularly to keep the root zone consistently moist, especially during hot weather. Pet friendly and non-toxic if ingested.",TRUE,,Outdoor Items,23f81e_bddbccfc967d462eaa7ae213359c4119~mv2.jpg
"4"" Money Tree",7006949200,"4""","A popular houseplant with a braided trunk and glossy, umbrella-like leaflets, said to bring good fortune. Thrives in medium to bright indirect light; avoid harsh, direct midday sun. Allow the soil to dry out between waterings; overwatering is the most common cause of trouble. Pet friendly and non-toxic if ingested.",TRUE,,Tropical Plants;,23f81e_1c7d8e99dfb04aac88ee6cecbb7e7e87~mv2.jpg
"6"" Carnations",7010517800,"6""","A long-lasting classic with ruffled, fragrant blooms in a wide range of colours. Prefers bright light with some direct sun each day. Water when the top inch of soil feels dry, then allow to drain freely. Pet friendly and non-toxic if ingested.",FALSE,,Indoor Flowering,23f81e_dc45844aa1324f248d3b86c418ddd031~mv2.jpg
"6"" Birdsnest Fern",7010708600,"6""","A tropical fern with broad, glossy, ripple-edged fronds that form an attractive rosette. Tolerates low to medium light, making it a forgiving choice for offices and low-light corners. Keep soil evenly moist and never let it dry out completely. Pet friendly and non-toxic if ingested.",TRUE,,Tropical Plants;,23f81e_5a1a67aefe3048e7a966a8801c775404~mv2.jpg
1 Gal Cordyline - Torbay Dazzler,7010789100,1gal,"A bold, architectural plant with strappy, colourful foliage that adds instant drama to patios and beds. Needs full sun (6+ hours of direct light daily) to perform its best. Water when the top inch of soil feels dry, then allow to drain freely. Pet friendly and non-toxic if ingested.",TRUE,,Outdoor Items,23f81e_80c2532269804643a81b5d05c4444dde~mv2.jpg
"4"" Poinsettia - Assorted",7010845500,"4""","The classic holiday plant, prized for its vivid, star-shaped bracts that last for weeks with proper care. Provide bright, indirect light for best growth and colour. Water when the top inch of soil feels dry, then allow to drain freely. Keep away from cold drafts and let the soil dry slightly between waterings. Keep away from pets and children, as this plant is toxic if ingested.",TRUE,,Christmas,23f81e_d79b57ae6f65499f9d10d9ad05e83c9a~mv2.jpg;23f81e_914c483e9b9d401491bf5dcc8ea03feb~mv2.jpg;23f81e_defccf0c5f4c4738b6bf121f0e1a3319~mv2.jpg;23f81e_fb2783293ad14efc94c3254af4d6e6c9~mv2.jpg;23f81e_c7801ce3d607417c8cf43006d2c325be~mv2.jpg
"6"" Blechnum - Silver Lady Fern",7010882900,"6""","Also known as Silver Lady Fern, a bold, upright fern with broad, glossy fronds that form a striking rosette. Thrives in medium to bright indirect light; avoid harsh, direct midday sun. Keep soil evenly moist and never let it dry out completely. Pet friendly and non-toxic if ingested.",TRUE,,Tropical Plants;,23f81e_004211a8761b41ddbcbfb0612f9c4132~mv2.jpg
"4"" Pilea Peperomioides",7010981000,"4""","A charming, compact plant with round, coin-shaped or textured leaves that make a fun tabletop accent. Thrives in medium to bright indirect light; avoid harsh, direct midday sun. Water when the top inch of soil feels dry, then allow to drain freely. Rotate occasionally for even, symmetrical growth. Pet friendly and non-toxic if ingested.",TRUE,,Tropical Plants;,23f81e_d514d430aafe4068942dfbc8d5cb00d4~mv2.jpg
1 Gal Peony,7015215700,1gal,"A beloved cottage-garden perennial with huge, lush, fragrant blooms in spring and early summer. Needs full sun (6+ hours of direct light daily) to perform its best. Water when the top inch of soil feels dry, then allow to drain freely. Keep away from pets and children, as this plant is toxic if ingested.",TRUE,,Outdoor Items,23f81e_5fb3f7434a7740f6855880e7f99dcd12~mv2.jpg
"7"" Cacti & Succulent Planter",7100550500,"7""","A ready-made arrangement combining an assortment of cacti and succulents in a single low-maintenance planter. Give it as much bright light as possible, including several hours of direct sun. Water sparingly and only once the soil is completely dry; excellent drainage is essential. Pet friendly and non-toxic if ingested.",TRUE,,Cacti & Succulents,23f81e_2787edcfe56346edab22337d2697c583~mv2.jpg
"4"" Bromeliad Neoregelia",7110014900,"4""","A dramatic tropical plant with a bold rosette of foliage and a long-lasting, colourful central bloom spike. Thrives in medium to bright indirect light; avoid harsh, direct midday sun. Keep the central ""cup"" filled with fresh water and mist the leaves regularly; water the soil sparingly. Pet friendly and non-toxic if ingested.",FALSE,,Indoor Flowering,db81aa_226369f2f0ab40b5a8108bd21f38ed36~mv2.jpg
"4"" Bromeliad",7110015500,"4""","A dramatic tropical plant with a bold rosette of foliage and a long-lasting, colourful central bloom spike. Thrives in medium to bright indirect light; avoid harsh, direct midday sun. Keep the central ""cup"" filled with fresh water and mist the leaves regularly; water the soil sparingly. Pet friendly and non-toxic if ingested.",TRUE,,Indoor Flowering,23f81e_2028e6c2cd714657b7f057d28e5501ac~mv2.jpg
"4"" Kale",7110025000,"4""","An ornamental cabbage relative grown for its ruffled, colourful rosette foliage that brightens through cool weather. Needs full sun (6+ hours of direct light daily) to perform its best. Water when the top inch of soil feels dry, then allow to drain freely. Pet friendly and non-toxic if ingested.",TRUE,,Indoor Flowering,23f81e_e33439ef1ca5476ca7a1e562bdd785e8~mv2.jpg
"4"" Ornamental Pepper",7110221000,"4""","A compact, colourful plant grown for its clusters of small, vividly coloured decorative peppers. Prefers bright light with some direct sun each day. Water when the top inch of soil feels dry, then allow to drain freely. Keep away from pets and children, as this plant is toxic if ingested.",TRUE,,Indoor Flowering,23f81e_07b90e328f054d5ea564659e3d9e2173~mv2.jpg;23f81e_1b6f898ab2034274932327267f9c0e7f~mv2.jpg
"4"" Oxalis",7110286000,"4""","A charming plant with distinctive clover-shaped or triangular foliage that folds up at night. Provide bright, indirect light for best growth and colour. Water when the top inch of soil feels dry, then allow to drain freely. Keep away from pets and children, as this plant is toxic if ingested.",TRUE,,Indoor Flowering,23f81e_679fb724f6dd4469ac34a2dc1ba9f8c5~mv2.jpg
"4"" Frosty Fern - Decorated",7110286300,"4""","A festive, moss-like plant (Selaginella) with frosted, silvery-tipped foliage, often decorated for the holidays. Thrives in medium to bright indirect light; avoid harsh, direct midday sun. Keep soil evenly moist and never let it dry out completely. Pet friendly and non-toxic if ingested.",TRUE,,Christmas,23f81e_d48f0df801cb445b893a8821909696f6~mv2.jpg
"4"" Decorated Oxalis",7110289900,"4""","A charming plant with distinctive clover-shaped or triangular foliage that folds up at night. Provide bright, indirect light for best growth and colour. Water when the top inch of soil feels dry, then allow to drain freely. Keep away from pets and children, as this plant is toxic if ingested.",TRUE,,Indoor Flowering,23f81e_616e2e14e8624f54adabfb29c11946ae~mv2.jpg
"4"" Tillandsia Cyanea",7110330000,"4""","An air plant that grows without soil, absorbing moisture and nutrients through its leaves. Provide bright, indirect light for best growth and colour. Mist or soak in water once or twice a week and shake off excess moisture afterward. Pet friendly and non-toxic if ingested.",TRUE,,Tropical Plants;,23f81e_eaa346d5f73f46b993be1688f739d96e~mv2.jpg
"4"" Zygo - Christmas Cactus",7110530000,"4""","Blooms in cheerful pink, red, or white flowers, triggered by cooler nights and shorter days. Thrives in medium to bright indirect light; avoid harsh, direct midday sun. Water when the top inch of soil feels dry, then allow to drain freely. Pet friendly and non-toxic if ingested.",TRUE,,Christmas,23f81e_de65f205278742389228d1c773f7a58c~mv2.jpg;23f81e_7cc222226cb24ad6be15d448859f0ec0~mv2.jpg
"6"" Bromeliad - Silver Vase",7115014000,"6""","A dramatic tropical plant with a bold rosette of foliage and a long-lasting, colourful central bloom spike. Thrives in medium to bright indirect light; avoid harsh, direct midday sun. Keep the central ""cup"" filled with fresh water and mist the leaves regularly; water the soil sparingly. Pet friendly and non-toxic if ingested.",TRUE,,Indoor Flowering,23f81e_a8dd7a036cda4e6ea36ddacd33386f33~mv2.jpg
"6"" Bromeliad Neoregelia",7115014900,"6""","A dramatic tropical plant with a bold rosette of foliage and a long-lasting, colourful central bloom spike. Thrives in medium to bright indirect light; avoid harsh, direct midday sun. Keep the central ""cup"" filled with fresh water and mist the leaves regularly; water the soil sparingly. Pet friendly and non-toxic if ingested.",TRUE,,Indoor Flowering,db81aa_17e0c71f526645e8b98043adeb234417~mv2.jpg
"6"" Bromeliad - Vriesia",7115015000,"6""","A dramatic tropical plant with a bold rosette of foliage and a long-lasting, colourful central bloom spike. Thrives in medium to bright indirect light; avoid harsh, direct midday sun. Keep the central ""cup"" filled with fresh water and mist the leaves regularly; water the soil sparingly. Pet friendly and non-toxic if ingested.",TRUE,,Indoor Flowering,23f81e_8dc599d61b494d83a75bce5dedac3d7d~mv2.jpg
"6"" Bromeliad Torchita",7115015900,"6""","A dramatic tropical plant with a bold rosette of foliage and a long-lasting, colourful central bloom spike. Thrives in medium to bright indirect light; avoid harsh, direct midday sun. Keep the central ""cup"" filled with fresh water and mist the leaves regularly; water the soil sparingly. Pet friendly and non-toxic if ingested.",TRUE,,Indoor Flowering,db81aa_0d58d566cdf240a9b0fa350267cef4c7~mv2.jpg
"6"" Ornamental Pepper",7115221000,"6""","A compact, colourful plant grown for its clusters of small, vividly coloured decorative peppers. Prefers bright light with some direct sun each day. Water when the top inch of soil feels dry, then allow to drain freely. Keep away from pets and children, as this plant is toxic if ingested.",TRUE,,Indoor Flowering,23f81e_d193b85a687c43c696581f49c3ddc02e~mv2.jpg;23f81e_f51726151e3a44a388fa91140d3f1c09~mv2.jpg
"6"" Poinsettia - White",7115500100,"6""","The classic holiday plant, prized for its vivid, star-shaped bracts that last for weeks with proper care. Provide bright, indirect light for best growth and colour. Water when the top inch of soil feels dry, then allow to drain freely. Keep away from cold drafts and let the soil dry slightly between waterings. Keep away from pets and children, as this plant is toxic if ingested.",TRUE,,Christmas,23f81e_220fa64421b0410fa0de9b97c2f137ce~mv2.jpg
"6"" Zygo - Schlumbergera Truncata",7115530000,"6""","Commonly known as the Christmas or Thanksgiving Cactus, blooming in cheerful pink, red, or white flowers. Thrives in medium to bright indirect light; avoid harsh, direct midday sun. Water when the top inch of soil feels dry, then allow to drain freely. Blooms are triggered by cooler temperatures and longer nights in fall. Pet friendly and non-toxic if ingested.",TRUE,,Christmas,23f81e_cd45190fa2a6431d9b14aa0fc9cc23d2~mv2.jpg;23f81e_5971772dc6704fe688bb0f3815e6dc7c~mv2.jpg
"7"" Mixed Point Pan",7118540000,"7""","A festive mixed planting of seasonal blooming plants for holiday colour. Provide bright, indirect light for best growth and colour. Water when the top inch of soil feels dry, then allow to drain freely. Pet friendly and non-toxic if ingested.",TRUE,,Christmas,23f81e_971ab2b2e90b46cf9a337dd8f00223f3~mv2.jpg
"7"" Kalsettia",7118620000,"7""","A colourful mixed planting combining Kalanchoe and companion plants for long-lasting seasonal display. Prefers bright light with some direct sun each day. Allow the soil to dry out between waterings; overwatering is the most common cause of trouble. Keep away from pets and children, as this plant is toxic if ingested.",TRUE,,Christmas,23f81e_e7776902f05d402a9c98e61c4071a830~mv2.jpg
"7"" Mixed Bulb Pan",7118900100,"7""","A ready-to-bloom pot of mixed seasonal bulbs for easy, colourful display. Provide bright, indirect light for best growth and colour. Water when the top inch of soil feels dry, then allow to drain freely. Keep away from pets and children, as this plant is toxic if ingested.",TRUE,,Indoor Flowering,23f81e_f86724a40d8042b3ab733e5c78839f87~mv2.jpg
"8"" Poinsettia - Red",7120500000,"8""","The classic holiday plant, prized for its vivid, star-shaped bracts that last for weeks with proper care. Provide bright, indirect light for best growth and colour. Water when the top inch of soil feels dry, then allow to drain freely. Keep away from cold drafts and let the soil dry slightly between waterings. Keep away from pets and children, as this plant is toxic if ingested.",TRUE,,Christmas,23f81e_abda8f84fce84fd9a746af8c7a0c81be~mv2.jpg
"10"" Red Poinsettia",7120500300,"10""","The classic holiday plant, prized for its vivid, star-shaped bracts that last for weeks with proper care. Provide bright, indirect light for best growth and colour. Water when the top inch of soil feels dry, then allow to drain freely. Keep away from cold drafts and let the soil dry slightly between waterings. Keep away from pets and children, as this plant is toxic if ingested.",TRUE,,Christmas,23f81e_ec9732c447844749a94a696d19daf2b6~mv2.jpg
"6"" Bromeliad - Guzmania",7175605800,"6""","A dramatic tropical plant with a bold rosette of foliage and a long-lasting, colourful central bloom spike. Thrives in medium to bright indirect light; avoid harsh, direct midday sun. Keep the central ""cup"" filled with fresh water and mist the leaves regularly; water the soil sparingly. Pet friendly and non-toxic if ingested.",TRUE,,Indoor Flowering,23f81e_0cb7d36367eb4261b55de516e648a0c8~mv2.jpg;23f81e_5fb6bab6c2204f68961077c97a77e750~mv2.jpg;23f81e_c9ecc3bc25dd49d49249bb767ab83c9d~mv2.jpg;23f81e_9d976bfdc59b41189628aa9c822e853f~mv2.jpg
"6"" Karl Forester Grass",7175925800,"6""","An upright, elegant ornamental grass with narrow blades and feathery seed plumes. Needs full sun (6+ hours of direct light daily) to perform its best. Water when the top inch of soil feels dry, then allow to drain freely. Pet friendly and non-toxic if ingested.",TRUE,,Outdoor Items,23f81e_1100550ff9664f178f52d002bd1c3bb9~mv2.jpg
"6"" Wintergreen - Gaultheria",7181170700,"6""","Also known as Gaultheria, a compact evergreen shrub with glossy leaves and bright red winter berries. Grows best in part sun to light shade. Keep soil evenly moist and never let it dry out completely. Keep away from pets and children, as this plant is toxic if ingested.",TRUE,,Christmas,23f81e_62136529745043e48476f923e72a08f9~mv2.jpg
"4"" Carnations",3110310300,"4""","A long-lasting classic with ruffled, fragrant blooms in a wide range of colours. Prefers bright light with some direct sun each day. Water when the top inch of soil feels dry, then allow to drain freely. Pet friendly and non-toxic if ingested.",TRUE,,Indoor Flowering,23f81e_60c96e5f5fc2495d9d21f48eac05e17a~mv2.png
"4"" Coleus-Mini Kong",6610509300,"4""","A vibrant foliage plant with richly patterned, multicoloured leaves that brighten shade gardens and containers. Grows best in part sun to light shade. Keep soil evenly moist and never let it dry out completely. Pet friendly and non-toxic if ingested.",TRUE,,Outdoor Items,23f81e_ec7748ecca7f4e7ca4fdcbf5e90dc8fa~mv2.jpg
"4"" Cordyline - Red Star",1110071200,"4""","A bold, architectural plant with strappy, colourful foliage that adds instant drama to patios and beds. Needs full sun (6+ hours of direct light daily) to perform its best. Water when the top inch of soil feels dry, then allow to drain freely. Pet friendly and non-toxic if ingested.",TRUE,,Outdoor Items,db81aa_256349f1f1704040ac18daa68d4c2cdb~mv2.jpg
"4"" Dwarf Pomegranate",6610900000,"4""","A compact ornamental shrub with glossy leaves, bright orange-red flowers, and small decorative fruit. Needs full sun (6+ hours of direct light daily) to perform its best. Water when the top inch of soil feels dry, then allow to drain freely. Pet friendly and non-toxic if ingested.",FALSE,,Outdoor Items,23f81e_70eeb44fc293460fb652db77b191de9f~mv2.jpg
"4"" Fibre Optic Grass",1110286500,"4""","A whimsical, fine-textured grass-like plant with thread-like leaves tipped in tiny brown seed heads. Prefers bright light with some direct sun each day. Prefers consistently moist soil and appreciates higher humidity. Pet friendly and non-toxic if ingested.",TRUE,,Outdoor Items,23f81e_eab57e43f0ec4f92bf3f1668e989d2aa~mv2.jpg
"4"" Snapdragon",6610501500,"4""","A cool-season favourite with tall spikes of colourful, snapping flowers. Needs full sun (6+ hours of direct light daily) to perform its best. Water regularly to keep the root zone consistently moist, especially during hot weather. Pet friendly and non-toxic if ingested.",TRUE,,Outdoor Items,23f81e_c3561393f5b0498881586cfadf886471~mv2.jpg
"4"" Tradescantia -Hijau Baru",1110311500,"4""","A colourful, fast-growing trailing plant with striped or solid purple, green, or silver foliage. Provide bright, indirect light for best growth and colour. Water when the top inch of soil feels dry, then allow to drain freely. Pinch back regularly to keep it full and bushy. Keep away from pets and children, as this plant is toxic if ingested.",TRUE,,Tropical Plants;,23f81e_8de735b7408a46e6b902bf716199b1b2~mv2.jpg
"4"" White Kalanchoe",3110620100,"4""","A cheerful, long-blooming succulent with clusters of pure white flowers atop glossy, scalloped leaves. Prefers bright light with some direct sun each day. Allow the soil to dry out between waterings; overwatering is the most common cause of trouble. Keep away from pets and children, as this plant is toxic if ingested.",TRUE,,Christmas,23f81e_7ffcd1bf7a024e7586baec25a2d8f948~mv2.jpg
1gal Alstromeria,3115040000,1gal,"Also known as Peruvian Lily, a long-blooming perennial with clusters of exotic, freckled flowers. Needs full sun (6+ hours of direct light daily) to perform its best. Water regularly to keep the root zone consistently moist, especially during hot weather. Keep away from pets and children, as this plant is toxic if ingested.",TRUE,,Outdoor Items,db81aa_1d039e23412f47d49f89fe5be55ee32e~mv2.jpg
"6"" Heuchera",6615529000,"6""","Also called Coral Bells, a shade-tolerant perennial grown for its richly coloured, ruffled foliage. Grows best in part sun to light shade. Water when the top inch of soil feels dry, then allow to drain freely. Pet friendly and non-toxic if ingested.",FALSE,,Outdoor Items,23f81e_cabe8702ed424e79bcaa7f73e9e34216~mv2.jpg
"6"" Lemon Cypress",7115225000,"6""","A fragrant evergreen with bright, lemon-scented golden-green foliage, popular as a festive accent. Needs full sun (6+ hours of direct light daily) to perform its best. Water when the top inch of soil feels dry, then allow to drain freely. Pet friendly and non-toxic if ingested.",TRUE,,Christmas,23f81e_974e23787006484daaa10e3faecb9841~mv2.jpg
"6"" Lisianthus",3115670000,"6""","An elegant flowering plant with rose-like blooms in soft, romantic colours. Prefers bright light with some direct sun each day. Water when the top inch of soil feels dry, then allow to drain freely. Pet friendly and non-toxic if ingested.",TRUE,,Indoor Flowering,23f81e_feb21099d19b49b5b5be5e7652718ced~mv2.jpg
"6"" Paper White Narcissus",3115670000,"6""","A fragrant, fast-forcing narcissus bulb that blooms indoors with clusters of pure white flowers. Provide bright, indirect light for best growth and colour. Water when the top inch of soil feels dry, then allow to drain freely. Keep away from pets and children, as this plant is toxic if ingested.",TRUE,,Christmas,23f81e_5eaa37e662bc411db2e75532015a44d8~mv2_d_3504_3072_s_4_2.jpg
"6"" Poinsettia - Assorted",7115500000,"6""","The classic holiday plant, prized for its vivid, star-shaped bracts that last for weeks with proper care. Provide bright, indirect light for best growth and colour. Water when the top inch of soil feels dry, then allow to drain freely. Keep away from cold drafts and let the soil dry slightly between waterings. Keep away from pets and children, as this plant is toxic if ingested.",TRUE,,Christmas,23f81e_0b8795e155884bba9452e9b949fdd827~mv2.jpg;23f81e_220fa64421b0410fa0de9b97c2f137ce~mv2.jpg;23f81e_c1c2139e7b644222b9c2d47a3a608869~mv2.jpg;23f81e_426ba808c7cb49d6a246d4257a78c123~mv2.jpg
"6"" Poinsettia - Jingle",7115501600,"6""","The classic holiday plant, prized for its vivid, star-shaped bracts that last for weeks with proper care. Provide bright, indirect light for best growth and colour. Water when the top inch of soil feels dry, then allow to drain freely. Keep away from cold drafts and let the soil dry slightly between waterings. Keep away from pets and children, as this plant is toxic if ingested.",TRUE,,Christmas,23f81e_837c63a230234475aeec9d0a9952e116~mv2.jpg
"6"" Poinsettia - Pink",7115500700,"6""","The classic holiday plant, prized for its vivid, star-shaped bracts that last for weeks with proper care. Provide bright, indirect light for best growth and colour. Water when the top inch of soil feels dry, then allow to drain freely. Keep away from cold drafts and let the soil dry slightly between waterings. Keep away from pets and children, as this plant is toxic if ingested.",TRUE,,Christmas,23f81e_426ba808c7cb49d6a246d4257a78c123~mv2.jpg
"6"" Poinsettia  -Red",7115500300,"6""","The classic holiday plant, prized for its vivid, star-shaped bracts that last for weeks with proper care. Provide bright, indirect light for best growth and colour. Water when the top inch of soil feels dry, then allow to drain freely. Keep away from cold drafts and let the soil dry slightly between waterings. Keep away from pets and children, as this plant is toxic if ingested.",TRUE,,Christmas,23f81e_7485c359e2554afaa8e7407250e88a84~mv2.jpg;23f81e_0b8795e155884bba9452e9b949fdd827~mv2.jpg
"6"" Zygo H.B",7115531000,"6""","Commonly known as the Christmas or Thanksgiving Cactus, blooming in cheerful pink, red, or white flowers. Thrives in medium to bright indirect light; avoid harsh, direct midday sun. Water when the top inch of soil feels dry, then allow to drain freely. Blooms are triggered by cooler temperatures and longer nights in fall. Pet friendly and non-toxic if ingested. Grown and shaped for hanging basket display.",TRUE,,Christmas,23f81e_1006006bd4ca49a7a54780d6bd248a31~mv2.jpg
"6"" ZZ Plant - Black",1115350000,"6""","An extremely low-maintenance plant with glossy, waxy leaflets on upright stems. Tolerates low to medium light, making it a forgiving choice for offices and low-light corners. Water sparingly and only once the soil is completely dry; excellent drainage is essential. Stores water in its rhizomes, so it easily tolerates neglect. Keep away from pets and children, as this plant is toxic if ingested.",TRUE,,Tropical Plants;,23f81e_92637c0601ba4304b20dff7ca7823819~mv2.jpg
